ZOMET_IRONI,SEMEL_YISHUV,total_rows,total_accidents,fatal_accidents,severe_accidents,light_accidents,PK_TEUNA_FIKT
26490545,3000,26,10,0,2,24,"2023003643, 2023042750, 2023056152, 2023062828, 2023068063, 2023071221, 2023076289, 2023079269, 2023089177, 2023095678"
28040411,3000,23,8,0,3,20,"2023000395, 2023015664, 2023027542, 2023032706, 2023050996, 2023051409, 2023065871, 2023070230"
7860004,6500,21,7,0,5,16,"2023013766, 2023014185, 2023022786, 2023023373, 2023071584, 2023071811, 2023076420"
7920011,70,22,7,0,0,22,"2023002252, 2023002674, 2023046094, 2023076380, 2023087295, 2023090725, 2023094769"
8000033,6200,15,7,0,6,9,"2023034529, 2023034971, 2023051126, 2023051623, 2023053069, 2023067985, 2023095609"
67630011,6100,21,7,0,2,19,"2023011809, 2023021808, 2023045692, 2023057995, 2023067544, 2023076235, 2023091539"
60007,6500,13,6,0,2,11,"2023024184, 2023034514, 2023035414, 2023055823, 2023089739, 2023097626"
8670001,70,19,6,0,8,11,"2023005243, 2023052504, 2023057953, 2023066056, 2023095853, 2023098318"
9130033,7400,15,6,0,0,15,"2023014252, 2023033954, 2023062677, 2023062716, 2023071769, 2023087394"
9930002,7100,18,6,0,0,18,"2023006775, 2023028317, 2023053093, 2023063819, 2023079326, 2023098458"
9970053,7400,15,6,0,0,15,"2023017022, 2023052800, 2023072421, 2023073466, 2023092910, 2023095806"
10050111,8600,13,6,0,8,5,"2023020865, 2023051182, 2023054197, 2023064893, 2023067771, 2023093606"
10590092,7400,12,6,0,0,12,"2023014591, 2023034335, 2023045547, 2023051149, 2023056772, 2023086997"
11340041,9000,18,6,0,10,8,"2023011630, 2023056822, 2023066035, 2023085569, 2023098484, 2023099268"
11770121,7900,14,6,0,2,12,"2023022443, 2023022892, 2023031152, 2023052581, 2023070218, 2023081473"
13220012,6800,16,6,0,0,16,"2023020008, 2023041650, 2023055762, 2023059806, 2023075031, 2023097951"
92871279,3000,14,6,0,3,11,"2023029464, 2023034142, 2023034598, 2023041155, 2023074646, 2023095520"
50001,9600,11,5,0,2,9,"2023034301, 2023038971, 2023079880, 2023087958, 2023090617"
110522,3000,11,5,0,2,9,"2023062528, 2023072752, 2023077739, 2023079428, 2023093898"
510533,3000,12,5,0,2,10,"2023018474, 2023034455, 2023035015, 2023040683, 2023047398"
7730223,4000,11,5,0,5,6,"2023004461, 2023027887, 2023051271, 2023078085, 2023098390"
8920433,5000,12,5,0,0,12,"2023035673, 2023044079, 2023054900, 2023056231, 2023088854"
9020052,70,11,5,0,0,11,"2023004781, 2023052424, 2023058354, 2023070987, 2023095923"
9400021,9000,15,5,0,0,15,"2023008388, 2023045988, 2023081772, 2023082423, 2023089997"
10050006,8700,13,5,0,0,13,"2023023330, 2023024654, 2023057885, 2023062384, 2023083459"
10140055,6600,10,5,0,2,8,"2023011321, 2023035178, 2023040300, 2023061645, 2023067401"
11400522,9000,13,5,0,7,6,"2023015859, 2023028558, 2023045927, 2023053072, 2023055246"
11670122,4000,15,5,0,8,7,"2023002716, 2023026275, 2023059267, 2023074882, 2023076554"
11770521,3000,10,5,0,0,10,"2023003813, 2023010854, 2023026679, 2023030467, 2023063091"
12240121,4000,14,5,0,0,14,"2023010786, 2023030894, 2023039240, 2023055585, 2023063223"
12350008,9600,15,5,0,0,15,"2023045211, 2023055210, 2023071522, 2023073866, 2023096927"
12950556,5000,13,5,2,0,11,"2023036175, 2023046610, 2023061944, 2023068001, 2023098162"
15680110,9600,13,5,0,0,13,"2023002923, 2023032635, 2023063873, 2023071984, 2023095020"
15760734,5000,10,5,0,0,10,"2023017192, 2023047006, 2023087316, 2023088345, 2023089291"
17100011,7900,12,5,0,0,12,"2023004925, 2023006577, 2023017698, 2023057783, 2023094449"
20420735,5000,11,5,0,3,8,"2023000877, 2023004850, 2023009211, 2023077558, 2023082988"
20700111,5000,11,5,0,5,6,"2023001758, 2023018795, 2023039773, 2023043374, 2023049035"
25610543,3000,12,5,0,0,12,"2023002845, 2023036065, 2023085630, 2023091931, 2023093814"
10528,4000,8,4,0,0,8,"2023040399, 2023042679, 2023058386, 2023072908"
600006,9100,11,4,0,0,11,"2023015805, 2023047207, 2023068027, 2023095249"
7860001,9600,8,4,2,2,4,"2023022421, 2023076588, 2023082108, 2023084082"
7880004,7600,10,4,4,2,4,"2023010080, 2023018021, 2023066387, 2023088186"
7910013,70,12,4,0,0,12,"2023029626, 2023038156, 2023070142, 2023094351"
7910041,9000,10,4,2,0,8,"2023004387, 2023034371, 2023078419, 2023082039"
8090006,6700,11,4,0,4,7,"2023007944, 2023013319, 2023024670, 2023099731"
8230008,7100,9,4,0,0,9,"2023013113, 2023071808, 2023087384, 2023095607"
8610011,70,8,4,0,4,4,"2023004327, 2023004955, 2023005166, 2023022896"
8640022,9000,10,4,0,0,10,"2023011785, 2023026256, 2023053005, 2023066508"
8640112,3000,9,4,0,0,9,"2023016382, 2023035251, 2023066777, 2023094059"
8900001,70,9,4,0,0,9,"2023031392, 2023063867, 2023079052, 2023092465"
9980413,5000,10,4,0,0,10,"2023028075, 2023073795, 2023094790, 2023095057"
10090313,7400,8,4,0,2,6,"2023009150, 2023043069, 2023091461, 2023095080"
10800341,7100,9,4,0,0,9,"2023022817, 2023024796, 2023024988, 2023037363"
10800344,7100,8,4,0,0,8,"2023029414, 2023046159, 2023070419, 2023095208"
12670532,3000,12,4,0,0,12,"2023038648, 2023072691, 2023089319, 2023091870"
12970556,5000,8,4,0,2,6,"2023018434, 2023047764, 2023048699, 2023096260"
14900823,5000,10,4,2,0,8,"2023022130, 2023057509, 2023060090, 2023076403"
15140002,2500,11,4,0,0,11,"2023023116, 2023050557, 2023065712, 2023082083"
16170164,3000,9,4,0,0,9,"2023012131, 2023023252, 2023038100, 2023060841"
16460323,4000,12,4,0,2,10,"2023011082, 2023030422, 2023045291, 2023082787"
23760725,3000,8,4,0,2,6,"2023002552, 2023034550, 2023047380, 2023084254"
23880254,3000,8,4,0,2,6,"2023007595, 2023028413, 2023060978, 2023080944"
24530725,3000,18,4,0,2,16,"2023004906, 2023013218, 2023021059, 2023065316"
24640211,3000,12,4,0,2,10,"2023008245, 2023054614, 2023067980, 2023071020"
24770842,3000,11,4,0,0,11,"2023005041, 2023032699, 2023038343, 2023042507"
24840714,3000,9,4,0,3,6,"2023004810, 2023019110, 2023035744, 2023047499"
25030124,3000,24,4,0,0,24,"2023042467, 2023048078, 2023065328, 2023078433"
26620214,3000,9,4,0,2,7,"2023001714, 2023015765, 2023093635, 2023096323"
92870668,3000,11,4,0,0,11,"2023043846, 2023064474, 2023073453, 2023098901"
92872248,3000,9,4,0,0,9,"2023018178, 2023046604, 2023048741, 2023061119"
92872580,3000,11,4,0,0,11,"2023035121, 2023040098, 2023055361, 2023084090"
30041,7900,6,3,0,2,4,"2023014277, 2023046578, 2023048721"
30111,4000,7,3,0,0,7,"2023015380, 2023054972, 2023056499"
80525,4000,11,3,0,0,11,"2023002403, 2023008102, 2023093875"
90123,3000,6,3,0,0,6,"2023018594, 2023076596, 2023095269"
100146,3000,7,3,0,0,7,"2023005053, 2023061763, 2023096852"
120001,1200,7,3,0,3,4,"2023027854, 2023076861, 2023093924"
150117,8600,6,3,0,2,4,"2023012667, 2023013501, 2023016428"
180022,9000,7,3,0,0,7,"2023033690, 2023066801, 2023073335"
200032,6200,9,3,0,0,9,"2023070589, 2023078359, 2023089296"
250007,6500,11,3,0,0,11,"2023018119, 2023066798, 2023097478"
290211,4000,10,3,0,5,5,"2023040852, 2023050409, 2023072589"
340744,5000,7,3,0,2,5,"2023005016, 2023014502, 2023077412"
350022,9000,6,3,0,0,6,"2023013228, 2023043953, 2023072520"
360003,7100,7,3,0,0,7,"2023040857, 2023052230, 2023077776"
430053,166,7,3,0,2,5,"2023002093, 2023031487, 2023066352"
7460001,2600,7,3,0,0,7,"2023027658, 2023044195, 2023083843"
7630325,5000,7,3,0,2,5,"2023031995, 2023034298, 2023036060"
7770031,6200,9,3,0,0,9,"2023004689, 2023011960, 2023048486"
7810005,6900,8,3,0,0,8,"2023021187, 2023053778, 2023090005"
7930014,6100,6,3,0,4,2,"2023000440, 2023074027, 2023098936"
7970012,7400,10,3,0,0,10,"2023000407, 2023063182, 2023085586"
8010033,6200,7,3,0,2,5,"2023009811, 2023039569, 2023056847"
8070011,70,10,3,0,3,7,"2023001000, 2023009824, 2023029331"
8100002,7600,7,3,0,2,5,"2023015756, 2023069923, 2023076021"
8270053,6600,6,3,0,0,6,"2023026247, 2023047852, 2023080675"
8300054,70,7,3,2,3,2,"2023036645, 2023047158, 2023067742"
8310713,3000,7,3,0,0,7,"2023051569, 2023066773, 2023068010"
8410022,9000,9,3,0,2,7,"2023021618, 2023034437, 2023057971"
8640009,7100,8,3,0,0,8,"2023049560, 2023077518, 2023090096"
8640021,7400,7,3,0,0,7,"2023004523, 2023056576, 2023096617"
8650723,3000,6,3,0,0,6,"2023026539, 2023045745, 2023060880"
8660004,7100,7,3,0,0,7,"2023007401, 2023043595, 2023089574"
8740056,6600,8,3,0,0,8,"2023021812, 2023022717, 2023072517"
8740345,5000,5,3,0,1,4,"2023018192, 2023048624, 2023068171"
8800002,6900,8,3,0,0,8,"2023048241, 2023049873, 2023099535"
8940031,6200,7,3,3,2,2,"2023001197, 2023041463, 2023092402"
8940032,7900,6,3,0,2,4,"2023014127, 2023026488, 2023076192"
9030425,4000,11,3,0,7,4,"2023022678, 2023034763, 2023077711"
9080121,3000,6,3,0,2,4,"2023004285, 2023073750, 2023075067"
9180006,8400,7,3,0,0,7,"2023035935, 2023048242, 2023095165"
9400316,5000,7,3,0,0,7,"2023009903, 2023032835, 2023047887"
9410014,7900,8,3,0,0,8,"2023045030, 2023065768, 2023076155"
9450421,5000,5,3,0,4,1,"2023021666, 2023071458, 2023081929"
9750041,70,7,3,0,0,7,"2023020259, 2023021703, 2023078024"
9770007,70,7,3,0,2,5,"2023041176, 2023083556, 2023089113"
9800033,7400,12,3,0,0,12,"2023016925, 2023018085, 2023073112"
9830062,7900,6,3,0,0,6,"2023017560, 2023076315, 2023080377"
9900314,7400,5,3,0,0,5,"2023018554, 2023038777, 2023088506"
9950313,7400,8,3,0,2,6,"2023027834, 2023030151, 2023050236"
10440093,7600,6,3,0,0,6,"2023008308, 2023017789, 2023087771"
10490001,7400,8,3,0,0,8,"2023013573, 2023091707, 2023098349"
10590359,7400,5,3,0,0,5,"2023015005, 2023059103, 2023059974"
10660022,9000,9,3,0,0,9,"2023019408, 2023024633, 2023070978"
10880056,6600,6,3,0,4,2,"2023008237, 2023025356, 2023067719"
10910146,3000,6,3,0,4,2,"2023001811, 2023020834, 2023037645"
11130132,3000,8,3,0,5,3,"2023039779, 2023054325, 2023089522"
11840612,5000,6,3,0,2,4,"2023023578, 2023075901, 2023082091"
11900153,3000,6,3,0,0,6,"2023010265, 2023042977, 2023058544"
12640532,3000,6,3,0,4,2,"2023083174, 2023091542, 2023097557"
12650532,3000,10,3,0,0,10,"2023037880, 2023039012, 2023047410"
13030557,5000,6,3,0,2,4,"2023024567, 2023061638, 2023071427"
13530713,5000,7,3,0,4,3,"2023010465, 2023011304, 2023052471"
14290714,5000,6,3,0,0,6,"2023018338, 2023057029, 2023080600"
14350714,5000,7,3,0,0,7,"2023000895, 2023046977, 2023058132"
14710412,4000,6,3,0,0,6,"2023018171, 2023030516, 2023078318"
15250925,5000,6,3,0,0,6,"2023057829, 2023062169, 2023088914"
15550001,2500,10,3,0,0,10,"2023055760, 2023064554, 2023071796"
16810122,5000,6,3,0,1,5,"2023029760, 2023034375, 2023049235"
17130001,7900,10,3,0,0,10,"2023006159, 2023025944, 2023048629"
17490223,4000,10,3,0,0,10,"2023009357, 2023066703, 2023084265"
17600551,5000,7,3,0,3,4,"2023007133, 2023047996, 2023062434"
17730555,5000,7,3,2,0,5,"2023042287, 2023058369, 2023094413"
17850921,5000,7,3,0,0,7,"2023010260, 2023012880, 2023096284"
17850952,4000,7,3,0,0,7,"2023040990, 2023061844, 2023069839"
18380665,4000,15,3,0,0,15,"2023019736, 2023079792, 2023082112"
20390895,8300,6,3,0,2,4,"2023036785, 2023049031, 2023058840"
21200744,5000,6,3,0,0,6,"2023009913, 2023049561, 2023054719"
21800004,9700,6,3,0,0,6,"2023045599, 2023061783, 2023065251"
22260002,9700,6,3,0,0,6,"2023053805, 2023069281, 2023072842"
23750724,3000,10,3,0,2,8,"2023012478, 2023033410, 2023073988"
23780714,3000,12,3,0,0,12,"2023040066, 2023054867, 2023091313"
24170112,5000,11,3,0,0,11,"2023028853, 2023031949, 2023071839"
24260723,3000,6,3,0,0,6,"2023040699, 2023053289, 2023067744"
24540111,3000,7,3,0,0,7,"2023015149, 2023067087, 2023087355"
26510545,3000,8,3,0,0,8,"2023016646, 2023083660, 2023085952"
26560251,3000,7,3,0,0,7,"2023037332, 2023040108, 2023077423"
26630735,3000,7,3,0,0,7,"2023078807, 2023079368, 2023089449"
26640236,3000,10,3,0,0,10,"2023020986, 2023037611, 2023043296"
29870001,3000,7,3,0,0,7,"2023029537, 2023042816, 2023062693"
60350943,5000,7,3,3,0,4,"2023004574, 2023027734, 2023076337"
67560112,8600,6,3,0,2,4,"2023006491, 2023036353, 2023065825"
67620111,8600,8,3,0,0,8,"2023036489, 2023050442, 2023056832"
80230079,6200,5,3,0,3,2,"2023005620, 2023009011, 2023088903"
92870656,3000,10,3,0,0,10,"2023039412, 2023069296, 2023087676"
92870789,3000,7,3,0,0,7,"2023023120, 2023039615, 2023085758"
92870888,3000,7,3,0,0,7,"2023000208, 2023086901, 2023099887"
92871276,3000,7,3,0,2,5,"2023028470, 2023071670, 2023075788"
92871389,3000,7,3,0,3,4,"2023008973, 2023033777, 2023098608"
92871461,3000,9,3,0,3,6,"2023035120, 2023047910, 2023058560"
92871986,3000,6,3,0,2,4,"2023048079, 2023082503, 2023099521"
99970314,7900,6,3,2,0,4,"2023071291, 2023080522, 2023083612"
99970512,7900,9,3,0,0,9,"2023006043, 2023016355, 2023096988"
15,2720,8,2,0,2,6,"2023008528, 2023021490"
10001,70,5,2,0,0,5,"2023026364, 2023058455"
10001,2660,3,2,0,3,0,"2023007949, 2023084826"
10003,1034,5,2,0,0,5,"2023009945, 2023091173"
20912,5000,4,2,0,0,4,"2023037911, 2023044943"
30008,70,5,2,0,0,5,"2023080302, 2023086810"
30053,7400,4,2,0,0,4,"2023037099, 2023098413"
30131,4000,7,2,0,0,7,"2023017264, 2023025145"
30554,5000,4,2,0,0,4,"2023026812, 2023078596"
40041,7900,4,2,0,0,4,"2023015609, 2023085390"
40815,5000,4,2,0,2,2,"2023047575, 2023087615"
50525,4000,4,2,0,0,4,"2023035392, 2023038796"
50554,5000,4,2,0,2,2,"2023046234, 2023053284"
60537,3000,5,2,0,0,5,"2023022201, 2023094424"
70001,166,4,2,0,2,2,"2023069080, 2023099327"
70064,7900,4,2,0,0,4,"2023019726, 2023069645"
70214,3000,4,2,0,0,4,"2023030576, 2023082922"
80001,9300,4,2,0,0,4,"2023006517, 2023054552"
100002,7800,8,2,0,0,8,"2023076391, 2023096553"
100011,7400,4,2,0,0,4,"2023080858, 2023093177"
110041,7400,4,2,0,2,2,"2023012042, 2023038408"
120011,6100,5,2,0,0,5,"2023045021, 2023052397"
130003,2630,8,2,0,0,8,"2023045144, 2023070314"
130223,4000,4,2,0,0,4,"2023008405, 2023064710"
140022,9000,8,2,0,0,8,"2023007275, 2023034344"
140211,3000,4,2,0,0,4,"2023013850, 2023096200"
150001,1015,4,2,0,0,4,"2023039072, 2023099358"
150021,9000,6,2,0,0,6,"2023008965, 2023032368"
150031,7400,5,2,0,0,5,"2023001986, 2023033717"
150522,3000,4,2,0,0,4,"2023014468, 2023075479"
160041,7900,4,2,0,0,4,"2023009531, 2023050658"
160053,7400,7,2,0,0,7,"2023066201, 2023093692"
170001,2600,4,2,0,0,4,"2023085543, 2023088572"
170007,6500,4,2,0,0,4,"2023008852, 2023040018"
190011,6600,3,2,0,1,2,"2023053151, 2023054465"
210007,6500,7,2,0,0,7,"2023004267, 2023084676"
210053,7400,4,2,0,2,2,"2023044763, 2023088453"
230003,70,4,2,0,2,2,"2023016331, 2023035427"
230624,5000,7,2,0,0,7,"2023052662, 2023085069"
250001,1200,6,2,0,3,3,"2023024191, 2023076791"
250224,4000,4,2,0,2,2,"2023050230, 2023068442"
250623,4000,4,2,0,2,2,"2023053060, 2023062381"
280004,7800,10,2,0,0,10,"2023038372, 2023079625"
290004,8400,6,2,0,0,6,"2023000517, 2023058988"
300112,4000,6,2,0,2,4,"2023069266, 2023085713"
310006,9100,4,2,0,0,4,"2023013832, 2023059746"
310117,8600,4,2,0,0,4,"2023076719, 2023080159"
330514,3000,4,2,0,0,4,"2023013732, 2023047963"
360001,1015,4,2,0,0,4,"2023032533, 2023039838"
390003,1139,4,2,0,2,2,"2023009201, 2023081031"
390005,6800,4,2,0,0,4,"2023006325, 2023058145"
400001,2640,4,2,0,0,4,"2023057505, 2023084102"
400002,7700,3,2,0,0,3,"2023049686, 2023060386"
470131,4000,4,2,0,0,4,"2023029529, 2023029851"
530005,7800,4,2,0,0,4,"2023015098, 2023068918"
690042,7400,6,2,0,0,6,"2023022864, 2023041325"
820007,6400,4,2,0,0,4,"2023004831, 2023037114"
1020008,6900,4,2,0,2,2,"2023067812, 2023081550"
1180021,9000,5,2,0,0,5,"2023020906, 2023046081"
1440002,7100,5,2,0,0,5,"2023070629, 2023090304"
1590002,7100,4,2,0,0,4,"2023020452, 2023039334"
1600002,7100,4,2,0,0,4,"2023039634, 2023080312"
7070002,1061,3,2,0,0,3,"2023026080, 2023051293"
7090000,6600,3,2,0,0,3,"2023030815, 2023092635"
7232440,3000,3,2,0,0,3,"2023028261, 2023096928"
7290007,6900,8,2,0,5,3,"2023014210, 2023074125"
7300004,2630,8,2,0,6,2,"2023034667, 2023068292"
7300023,8300,4,2,0,2,2,"2023084536, 2023095414"
7350007,6900,5,2,0,0,5,"2023018555, 2023022588"
7390002,2600,5,2,0,0,5,"2023009608, 2023098352"
7400007,6900,4,2,0,0,4,"2023067620, 2023088249"
7420001,2800,5,2,0,0,5,"2023009569, 2023037068"
7420002,7200,7,2,0,0,7,"2023001444, 2023034672"
7440003,2200,5,2,0,0,5,"2023017259, 2023072408"
7500001,7200,5,2,0,0,5,"2023008431, 2023089786"
7540002,70,5,2,0,0,5,"2023057535, 2023059656"
7620002,6700,5,2,0,0,5,"2023023457, 2023030219"
7630003,70,4,2,0,0,4,"2023026821, 2023052647"
7680002,2610,5,2,0,0,5,"2023057740, 2023094161"
7690023,6200,5,2,0,0,5,"2023014328, 2023027332"
7730005,2620,6,2,0,6,0,"2023008001, 2023085151"
7730227,8600,4,2,0,0,4,"2023068110, 2023081339"
7750006,70,4,2,0,0,4,"2023012860, 2023033785"
7760007,70,3,2,1,0,2,"2023034809, 2023097664"
7790007,6500,4,2,0,0,4,"2023012094, 2023080579"
7820003,7100,4,2,0,0,4,"2023035670, 2023046944"
7890032,6200,5,2,0,0,5,"2023004958, 2023018006"
7900006,7100,7,2,0,0,7,"2023005386, 2023028430"
7900013,70,4,2,0,2,2,"2023019273, 2023032920"
7910002,7800,4,2,0,0,4,"2023025301, 2023093551"
7910004,6800,3,2,0,0,3,"2023005779, 2023061317"
7920003,6300,5,2,0,0,5,"2023088478, 2023093009"
7930002,2600,5,2,0,0,5,"2023008993, 2023023413"
7930011,70,7,2,0,5,2,"2023013834, 2023055656"
7950012,7400,4,2,0,0,4,"2023001833, 2023056362"
7960002,7100,4,2,0,0,4,"2023062763, 2023082619"
7960002,8700,4,2,0,0,4,"2023050801, 2023093560"
7960003,9700,4,2,0,2,2,"2023080965, 2023093019"
7970003,8500,4,2,0,0,4,"2023003571, 2023068155"
7990002,7100,5,2,0,0,5,"2023000788, 2023052072"
7990042,6600,4,2,0,2,2,"2023006857, 2023030736"
8060011,70,5,2,0,0,5,"2023022674, 2023054099"
8130002,6800,5,2,0,2,3,"2023006128, 2023095471"
8180061,6200,5,2,0,0,5,"2023021511, 2023078068"
8210041,6200,4,2,0,2,2,"2023020545, 2023091223"
8220008,7100,15,2,0,15,0,"2023031480, 2023085832"
8220052,6600,4,2,0,0,4,"2023087046, 2023098434"
8270012,6100,4,2,0,2,2,"2023037668, 2023043421"
8370004,2600,6,2,0,0,6,"2023002924, 2023052382"
8370023,9000,4,2,0,2,2,"2023056188, 2023069971"
8380023,7400,4,2,0,0,4,"2023060634, 2023072010"
8380023,9000,4,2,0,0,4,"2023055541, 2023082793"
8420525,4000,5,2,0,0,5,"2023038559, 2023058222"
8440021,9000,7,2,0,4,3,"2023082572, 2023090685"
8450006,7100,4,2,0,0,4,"2023077294, 2023081227"
8460041,70,4,2,0,2,2,"2023014679, 2023045902"
8490012,6200,4,2,0,0,4,"2023068297, 2023098196"
8550021,8300,8,2,0,4,4,"2023012703, 2023022400"
8580344,5000,4,2,0,0,4,"2023030634, 2023063663"
8590062,2630,4,2,0,0,4,"2023048080, 2023059651"
8670005,8400,4,2,0,0,4,"2023011731, 2023073603"
8730022,6100,4,2,0,0,4,"2023031292, 2023050223"
8730052,70,4,2,0,0,4,"2023000076, 2023052089"
8760003,7800,5,2,0,0,5,"2023065853, 2023083138"
8770021,7100,4,2,0,0,4,"2023033306, 2023095997"
8780021,7100,8,2,0,0,8,"2023017278, 2023038830"
8820071,70,4,2,0,0,4,"2023003287, 2023064909"
8820421,4000,5,2,0,0,5,"2023043426, 2023093990"
8830033,7900,4,2,0,2,2,"2023046807, 2023098036"
8890111,3000,5,2,2,0,3,"2023003703, 2023058189"
8930061,6200,4,2,0,2,2,"2023005104, 2023075767"
8970035,7400,4,2,0,0,4,"2023008545, 2023050873"
8980009,6300,7,2,0,3,4,"2023024495, 2023029867"
9000422,4000,5,2,0,2,3,"2023053035, 2023087979"
9020032,7900,6,2,0,0,6,"2023036367, 2023055222"
9040011,6600,7,2,0,3,4,"2023078813, 2023092836"
9170022,6600,6,2,0,0,6,"2023008123, 2023064288"
9190004,8300,5,2,0,3,2,"2023032143, 2023032352"
9200073,70,5,2,0,0,5,"2023041402, 2023069136"
9210001,70,4,2,0,2,2,"2023068719, 2023075173"
9250054,70,5,2,0,2,3,"2023030598, 2023073689"
9290009,6500,4,2,0,4,0,"2023026023, 2023082556"
9300021,7900,5,2,0,2,3,"2023011004, 2023081216"
9390014,7900,5,2,0,0,5,"2023020177, 2023087969"
9430312,70,5,2,0,0,5,"2023053686, 2023075079"
9470321,70,4,2,2,0,2,"2023028043, 2023033432"
9490041,7900,6,2,0,0,6,"2023012534, 2023065010"
9500175,3000,4,2,0,2,2,"2023020033, 2023023991"
9510004,6500,4,2,0,0,4,"2023017511, 2023057391"
9570115,8600,6,2,0,0,6,"2023059451, 2023082340"
9580331,70,5,2,0,0,5,"2023059509, 2023075199"
9600014,6500,5,2,0,0,5,"2023011230, 2023096908"
9720005,70,5,2,0,3,2,"2023021741, 2023025735"
9800132,6500,5,2,0,0,5,"2023003580, 2023020903"
9800555,6500,7,2,0,0,7,"2023002753, 2023049184"
9810033,6400,9,2,0,0,9,"2023001804, 2023092324"
9850054,7900,4,2,0,0,4,"2023001255, 2023026830"
9890002,7100,4,2,0,0,4,"2023075740, 2023082430"
9900002,70,7,2,0,5,2,"2023062332, 2023095562"
9910116,8600,5,2,0,0,5,"2023022415, 2023063382"
9920021,7100,9,2,0,0,9,"2023059595, 2023075528"
9920422,5000,4,2,0,0,4,"2023002203, 2023082064"
9930054,6600,4,2,0,0,4,"2023035784, 2023067507"
9950011,9000,4,2,0,4,0,"2023004322, 2023036116"
9970526,4000,5,2,0,0,5,"2023020901, 2023098002"
10000051,7400,6,2,0,0,6,"2023071380, 2023087823"
10060052,9000,4,2,0,2,2,"2023019970, 2023079081"
10070053,9000,4,2,0,2,2,"2023036891, 2023039492"
10100424,5000,4,2,0,2,2,"2023033490, 2023071455"
10140014,6100,4,2,0,2,2,"2023061072, 2023093809"
10150290,70,4,2,0,0,4,"2023080757, 2023088315"
10150344,70,6,2,0,0,6,"2023026284, 2023070320"
10150345,70,4,2,2,0,2,"2023025361, 2023092163"
10150362,70,4,2,0,0,4,"2023055544, 2023078081"
10170071,6600,4,2,0,0,4,"2023000521, 2023057407"
10240123,6600,6,2,0,2,4,"2023050478, 2023096551"
10270315,8300,4,2,0,2,2,"2023072112, 2023072782"
10290021,6400,4,2,0,2,2,"2023059888, 2023093077"
10320315,8300,6,2,0,2,4,"2023067520, 2023090165"
10390071,6600,4,2,0,0,4,"2023062633, 2023087640"
10500350,6400,3,2,0,1,2,"2023038884, 2023051092"
10510131,3000,4,2,0,0,4,"2023031762, 2023085747"
10520063,9000,8,2,0,5,3,"2023017944, 2023042184"
10590422,7400,5,2,0,0,5,"2023003279, 2023053933"
10730021,9000,4,2,0,2,2,"2023006805, 2023025782"
10780012,9000,4,2,0,2,2,"2023024825, 2023032192"
10820231,4000,7,2,0,3,4,"2023071209, 2023081649"
10980523,9000,6,2,0,0,6,"2023078780, 2023095673"
11010021,9000,5,2,0,0,5,"2023067916, 2023094270"
11070061,7900,3,2,0,0,3,"2023009916, 2023063142"
11180522,5000,4,2,0,2,2,"2023039744, 2023071822"
11200014,7900,4,2,0,0,4,"2023053343, 2023064930"
11220225,9000,7,2,0,0,7,"2023002099, 2023073848"
11420534,5000,6,2,0,2,4,"2023032726, 2023077978"
11570011,7900,4,2,0,0,4,"2023061444, 2023097483"
11590033,7900,4,2,0,0,4,"2023022255, 2023057596"
11780011,7900,4,2,0,0,4,"2023006251, 2023075269"
11780613,5000,5,2,0,0,5,"2023015812, 2023037339"
11850011,7900,5,2,0,3,2,"2023019212, 2023052233"
11890117,7900,4,2,2,0,2,"2023067325, 2023094384"
12130008,9600,4,2,0,0,4,"2023029232, 2023084478"
12170004,8400,6,2,0,0,6,"2023024143, 2023080314"
12260001,8400,5,2,0,3,2,"2023014391, 2023042974"
12280911,5000,4,2,0,0,4,"2023005350, 2023007391"
12360001,9600,4,2,0,0,4,"2023007715, 2023013201"
12690913,5000,4,2,0,0,4,"2023043232, 2023088592"
12740533,3000,4,2,0,0,4,"2023068755, 2023093599"
12800006,6900,5,2,0,0,5,"2023020271, 2023045384"
13030043,6900,4,2,0,0,4,"2023013227, 2023047783"
13210524,4000,4,2,0,2,2,"2023049465, 2023079723"
13290073,6800,5,2,0,0,5,"2023061586, 2023085064"
13290074,6800,4,2,0,0,4,"2023070141, 2023093847"
13370814,5000,4,2,0,0,4,"2023001550, 2023074989"
13820416,3000,4,2,2,0,2,"2023020117, 2023069056"
13930415,3000,4,2,0,0,4,"2023010075, 2023046958"
13940414,3000,4,2,0,0,4,"2023019603, 2023042128"
14590232,3000,7,2,0,0,7,"2023020243, 2023022233"
14590825,5000,4,2,0,0,4,"2023005641, 2023037932"
14620222,4000,4,2,2,2,0,"2023032917, 2023074474"
14740412,4000,8,2,0,4,4,"2023063230, 2023080484"
14880823,5000,5,2,0,3,2,"2023030550, 2023032267"
14970040,9100,5,2,0,0,5,"2023028093, 2023065602"
15000817,5000,5,2,3,0,2,"2023004299, 2023004738"
15030132,4000,3,2,0,0,3,"2023006844, 2023086318"
15670001,2500,5,2,0,0,5,"2023049535, 2023069361"
15700001,2500,4,2,0,0,4,"2023041581, 2023047293"
15900231,3000,4,2,0,0,4,"2023036418, 2023098799"
16730517,4000,3,2,0,0,3,"2023013043, 2023025468"
16740213,3000,20,2,0,0,20,"2023007290, 2023014027"
16830164,3000,4,2,0,0,4,"2023038104, 2023093699"
16910623,4000,4,2,0,0,4,"2023003574, 2023077523"
17140215,5000,4,2,0,0,4,"2023012558, 2023084300"
17340323,4000,5,2,0,0,5,"2023001720, 2023051826"
17400001,7900,4,2,2,0,2,"2023002243, 2023004842"
17810179,7200,4,2,0,0,4,"2023084471, 2023089632"
17890093,8400,6,2,0,0,6,"2023006817, 2023050466"
17890179,8400,4,2,0,0,4,"2023073434, 2023091243"
17890337,8400,5,2,0,5,0,"2023062462, 2023069201"
17890415,8400,5,2,0,0,5,"2023016300, 2023070829"
18060924,5000,4,2,0,2,2,"2023018726, 2023094479"
18100921,5000,4,2,0,0,4,"2023039674, 2023048274"
18140111,8300,4,2,0,0,4,"2023053431, 2023056808"
18160001,4000,4,2,0,0,4,"2023047869, 2023072280"
18200001,4000,4,2,0,0,4,"2023061462, 2023089100"
18260001,4000,4,2,0,0,4,"2023067685, 2023080846"
18380182,4000,5,2,0,0,5,"2023015026, 2023046823"
18380336,4000,5,2,0,0,5,"2023024679, 2023052212"
18380355,4000,4,2,0,0,4,"2023050868, 2023056761"
18380386,4000,5,2,0,0,5,"2023063495, 2023066351"
18380605,4000,4,2,0,0,4,"2023065140, 2023099536"
18380745,4000,8,2,0,0,8,"2023051241, 2023087118"
18380915,4000,6,2,0,0,6,"2023034607, 2023067600"
18460933,5000,4,2,0,4,0,"2023043977, 2023077715"
18560937,5000,4,2,0,0,4,"2023055913, 2023072970"
18630532,5000,4,2,0,0,4,"2023020238, 2023045771"
20390660,8300,4,2,0,0,4,"2023020711, 2023094218"
20720111,5000,4,2,0,0,4,"2023017205, 2023059293"
20780125,5000,4,2,0,0,4,"2023047140, 2023091319"
21950006,9700,6,2,0,2,4,"2023056122, 2023097447"
22110001,2650,4,2,0,0,4,"2023037004, 2023067542"
22920113,3000,4,2,0,0,4,"2023016213, 2023070621"
23890842,3000,5,2,0,0,5,"2023029951, 2023049955"
24030844,3000,9,2,0,0,9,"2023025893, 2023076522"
24070123,3000,4,2,0,0,4,"2023025406, 2023067635"
24970714,3000,5,2,0,0,5,"2023024925, 2023031379"
25430112,5000,3,2,0,0,3,"2023037488, 2023068646"
25430121,3000,4,2,0,2,2,"2023007116, 2023061752"
26010412,3000,6,2,0,0,6,"2023010065, 2023020166"
26410713,3000,6,2,0,0,6,"2023010790, 2023017327"
26910842,3000,5,2,0,0,5,"2023018884, 2023083597"
27740214,3000,4,2,0,0,4,"2023031818, 2023042650"
28480713,3000,6,2,0,0,6,"2023015670, 2023071971"
28680721,3000,7,2,0,0,7,"2023035295, 2023093489"
28880725,3000,5,2,0,0,5,"2023067236, 2023099097"
80150533,5000,3,2,1,0,2,"2023029545, 2023043375"
80150675,5000,4,2,2,0,2,"2023003941, 2023017985"
92870635,3000,4,2,0,2,2,"2023036654, 2023094587"
92870804,3000,5,2,2,0,3,"2023005338, 2023038116"
92870904,3000,6,2,0,3,3,"2023045429, 2023048535"
92871141,3000,5,2,0,0,5,"2023055582, 2023095083"
92871417,3000,7,2,0,0,7,"2023018547, 2023025242"
92872446,3000,9,2,0,0,9,"2023071978, 2023087547"
92872453,3000,6,2,0,0,6,"2023037961, 2023065882"
92872554,3000,4,2,0,2,2,"2023069457, 2023081192"
97710248,8600,8,2,0,8,0,"2023001712, 2023004045"
98340048,9000,5,2,0,0,5,"2023034820, 2023044548"
99970296,7900,4,2,0,0,4,"2023050145, 2023074540"
99970461,7900,5,2,0,0,5,"2023002581, 2023046191"
99970487,7900,4,2,0,4,0,"2023003675, 2023046034"
99970571,7900,4,2,0,0,4,"2023007609, 2023087446"
2,432,2,1,0,0,2,2023064094
2,542,2,1,0,2,0,2023082170
2,628,5,1,0,0,5,2023075739
2,1313,2,1,0,0,2,2023095671
2,6000,3,1,0,0,3,2023072018
3,351,4,1,0,0,4,2023095314
3,6000,4,1,0,4,0,2023095255
4,233,2,1,0,0,2,2023098446
4,542,3,1,0,0,3,2023045122
4,1345,2,1,0,0,2,2023053988
11,634,6,1,0,0,6,2023061938
19,8800,4,1,0,4,0,2023051885
20,8800,3,1,0,0,3,2023097486
10001,182,3,1,0,3,0,2023044620
10001,229,2,1,0,0,2,2023050220
10001,1309,2,1,0,0,2,2023087880
10011,1247,3,1,0,0,3,2023054906
10014,1247,2,1,0,0,2,2023016183
10015,1247,2,1,0,2,0,2023007668
10022,7900,2,1,0,0,2,2023065383
10052,6600,2,1,0,2,0,2023030840
10054,6600,2,1,0,2,0,2023045220
10123,8600,2,1,0,0,2,2023056999
10176,3000,3,1,0,0,3,2023004599
10433,5000,2,1,0,0,2,2023067557
10516,4000,2,1,0,2,0,2023066840
10624,5000,2,1,0,0,2,2023075971
10815,5000,2,1,0,0,2,2023055391
10827,5000,2,1,0,0,2,2023092577
20001,249,3,1,0,0,3,2023086265
20001,2600,2,1,0,0,2,2023057335
20001,4100,2,1,0,0,2,2023031489
20003,6900,2,1,0,0,2,2023011661
20031,7900,1,1,0,0,1,2023063716
20032,6200,3,1,0,0,3,2023049616
20041,7900,3,1,0,0,3,2023075703
20052,65,1,1,0,1,0,2023045097
20223,4000,2,1,0,0,2,2023021520
20227,5000,2,1,0,0,2,2023033229
20557,5000,2,1,0,0,2,2023044986
20814,5000,2,1,0,0,2,2023035502
30001,154,2,1,0,0,2,2023051360
30002,2560,2,1,0,0,2,2023048408
30004,1034,2,1,0,0,2,2023075846
30005,6800,2,1,0,0,2,2023090178
30021,6200,2,1,0,0,2,2023079701
30023,6200,3,1,0,3,0,2023001258
30041,6100,2,1,0,0,2,2023027371
30054,7900,2,1,0,0,2,2023093562
30223,4000,2,1,0,0,2,2023011829
30532,3000,5,1,0,0,5,2023074316
30713,3000,2,1,0,2,0,2023006681
30816,5000,2,1,0,0,2,2023078834
40001,154,2,1,0,0,2,2023030097
40001,1063,2,1,0,0,2,2023022937
40001,2550,2,1,0,0,2,2023058378
40002,31,2,1,0,2,0,2023056259
40003,6900,3,1,0,0,3,2023050101
40012,6600,2,1,0,0,2,2023006963
40014,7900,2,1,0,0,2,2023059378
40145,3000,2,1,0,0,2,2023009104
40624,5000,2,1,0,2,0,2023055586
40714,5000,2,1,0,0,2,2023033037
50001,26,2,1,0,0,2,2023041238
50001,240,3,1,0,0,3,2023089533
50003,874,5,1,0,0,5,2023061269
50004,2100,2,1,0,0,2,2023083708
50005,70,2,1,0,2,0,2023073648
50005,8300,2,1,0,0,2,2023080033
50022,9000,2,1,0,0,2,2023028007
50515,4000,2,1,0,0,2,2023064796
50517,5000,2,1,0,2,0,2023092974
50815,5000,2,1,0,2,0,2023034859
60001,240,2,1,0,0,2,2023024475
60003,7000,2,1,0,0,2,2023019860
60013,6100,2,1,0,0,2,2023037676
60015,70,2,1,0,2,0,2023062850
60022,9000,2,1,0,0,2,2023001590
60025,6100,2,1,0,2,0,2023014722
60034,7400,3,1,0,0,3,2023083845
60214,3000,2,1,0,2,0,2023084507
60222,8600,20,1,0,0,20,2023086471
60422,5000,2,1,0,0,2,2023060332
60714,5000,2,1,0,0,2,2023042570
60816,5000,2,1,0,0,2,2023053027
60822,5000,4,1,0,0,4,2023002049
70001,31,2,1,0,2,0,2023038515
70001,7200,2,1,0,0,2,2023005706
70003,8300,3,1,0,0,3,2023014685
70004,2800,2,1,0,0,2,2023097245
70031,7400,2,1,0,2,0,2023004826
70032,7900,2,1,0,0,2,2023094695
70097,4100,2,1,0,0,2,2023073932
70311,3000,2,1,0,0,2,2023048446
70322,3000,2,1,0,0,2,2023037949
70624,5000,2,1,0,0,2,2023069037
70743,5000,2,1,0,0,2,2023077481
80001,2034,2,1,0,0,2,2023001841
80021,7400,2,1,0,2,0,2023046808
80032,7400,2,1,0,0,2,2023065632
80063,9000,3,1,0,0,3,2023054399
80121,8600,2,1,0,0,2,2023006858
80224,4000,2,1,0,0,2,2023019717
80231,8600,2,1,0,0,2,2023020463
80431,5000,2,1,0,0,2,2023041271
80522,5000,2,1,0,0,2,2023031681
90002,2600,2,1,0,0,2,2023092896
90002,2650,2,1,0,0,2,2023068185
90004,6700,3,1,0,0,3,2023029280
90013,70,2,1,0,0,2,2023040979
90023,6200,2,1,0,0,2,2023028125
90032,6200,2,1,0,0,2,2023013013
90033,6200,2,1,0,2,0,2023007588
90099,28,2,1,0,0,2,2023066340
90121,8600,2,1,0,0,2,2023026811
90316,3000,2,1,0,0,2,2023024811
90515,5000,3,1,0,0,3,2023083204
90556,5000,2,1,0,0,2,2023057012
90715,5000,2,1,0,0,2,2023005147
100001,666,5,1,0,0,5,2023000344
100001,9400,2,1,0,2,0,2023027205
100005,7600,4,1,0,0,4,2023031504
100011,7100,3,1,0,0,3,2023065774
100031,7400,3,1,0,0,3,2023067410
100041,6600,2,1,0,0,2,2023019067
100043,7900,2,1,0,0,2,2023004976
100085,1167,2,1,0,0,2,2023049525
100105,1167,2,1,0,0,2,2023092734
100113,3000,2,1,0,0,2,2023075948
100234,8600,3,1,0,0,3,2023010484
100911,5000,2,1,0,2,0,2023037155
110001,31,2,1,0,0,2,2023056609
110001,1020,2,1,0,0,2,2023003078
110007,8400,2,1,0,0,2,2023046940
110009,8400,2,1,0,0,2,2023004813
110012,6600,2,1,0,2,0,2023083837
110024,7900,2,1,0,0,2,2023080105
110031,7400,3,1,0,0,3,2023083430
110123,3000,2,1,0,0,2,2023021203
110231,3000,3,1,0,0,3,2023049309
110233,4000,2,1,0,0,2,2023005322
110815,5000,2,1,0,0,2,2023038425
120001,666,5,1,0,0,5,2023088050
120004,6400,2,1,0,2,0,2023085552
120007,6500,2,1,0,0,2,2023084140
120008,70,3,1,0,0,3,2023067700
120012,6600,2,1,0,0,2,2023044028
120214,3000,2,1,0,2,0,2023029140
120522,3000,2,1,0,0,2,2023085571
130001,1034,2,1,0,0,2,2023090980
130005,2650,2,1,0,0,2,2023004881
130031,7400,2,1,0,0,2,2023002491
130031,7900,2,1,0,0,2,2023006358
130039,831,3,1,0,0,3,2023089664
130054,6100,1,1,0,1,0,2023079577
130112,8600,2,1,0,0,2,2023008884
140005,7800,2,1,0,0,2,2023060576
140032,1309,2,1,0,0,2,2023032574
140033,6200,2,1,0,0,2,2023094490
140411,4000,3,1,0,0,3,2023059420
140431,4000,3,1,0,0,3,2023095526
140523,5000,2,1,0,2,0,2023053165
140532,3000,2,1,0,0,2,2023090223
140616,4000,2,1,0,0,2,2023059414
140816,5000,2,1,0,2,0,2023081166
140921,5000,2,1,0,2,0,2023099371
150001,229,2,1,0,0,2,2023019522
150001,1020,2,1,0,2,0,2023058253
150023,7900,4,1,0,0,4,2023044507
150061,7900,2,1,0,0,2,2023091787
150122,4000,2,1,0,0,2,2023087736
150216,8600,2,1,0,2,0,2023083357
150514,3000,5,1,5,0,0,2023015316
160001,2500,2,1,0,0,2,2023030496
160002,8700,2,1,0,2,0,2023072682
160006,8300,2,1,0,0,2,2023080604
160021,6100,6,1,0,0,6,2023022833
160023,7900,2,1,0,0,2,2023036253
160073,1063,2,1,0,0,2,2023008218
160114,5000,5,1,0,0,5,2023088769
160131,4000,2,1,0,0,2,2023039143
160525,4000,2,1,0,0,2,2023013020
160624,5000,2,1,0,0,2,2023087279
160911,5000,2,1,0,0,2,2023074541
170001,166,2,1,0,0,2,2023057789
170001,1200,2,1,0,2,0,2023063531
170007,70,2,1,0,0,2,2023055689
170011,6600,2,1,0,2,0,2023025277
170012,6600,2,1,0,2,0,2023086974
170033,7900,7,1,0,0,7,2023032191
170042,7900,3,1,0,0,3,2023094546
170055,7900,2,1,0,2,0,2023044812
170123,3000,2,1,0,0,2,2023058990
180001,168,4,1,0,0,4,2023005280
180002,7800,2,1,0,0,2,2023057714
180002,8300,2,1,0,0,2,2023021338
180005,2600,2,1,0,0,2,2023024765
180012,6100,3,1,0,0,3,2023012098
180014,7900,2,1,0,2,0,2023024725
180024,6600,3,1,0,0,3,2023066009
180042,7900,2,1,0,2,0,2023007380
180095,168,2,1,0,0,2,2023003606
180099,168,2,1,0,2,0,2023073729
180123,3000,3,1,0,0,3,2023097539
180172,3000,2,1,0,0,2,2023008054
180622,4000,3,1,0,0,3,2023043357
190001,2660,2,1,0,0,2,2023055460
190002,7800,4,1,0,0,4,2023088734
190005,7600,3,1,0,0,3,2023022345
190041,7400,3,1,0,0,3,2023054723
190061,240,3,1,0,0,3,2023071627
190064,240,2,1,0,0,2,2023021765
190122,4000,2,1,0,0,2,2023025712
190521,3000,2,1,0,0,2,2023023577
200005,6900,2,1,0,0,2,2023004158
200006,6900,2,1,0,0,2,2023094801
200006,7600,2,1,0,0,2,2023028942
200041,7400,2,1,0,0,2,2023088766
200123,3000,2,1,0,0,2,2023056542
200213,3000,2,1,0,0,2,2023036869
200422,4000,2,1,0,0,2,2023054792
210001,1015,2,1,0,0,2,2023098027
210055,7900,2,1,0,0,2,2023011830
210214,3000,3,1,0,3,0,2023070324
210225,8600,2,1,0,0,2,2023018748
210412,4000,2,1,0,0,2,2023053271
210521,3000,2,1,0,0,2,2023061105
220001,8700,2,1,0,0,2,2023000186
220002,7800,3,1,0,0,3,2023091155
220015,154,2,1,0,0,2,2023058121
220026,154,2,1,0,0,2,2023068518
220041,7900,2,1,0,0,2,2023014903
220215,8600,2,1,0,0,2,2023085845
220216,8600,2,1,0,0,2,2023033445
230006,6800,2,1,0,0,2,2023073042
230008,6500,2,1,0,0,2,2023047466
230019,9800,2,1,2,0,0,2023092937
230093,9800,2,1,0,0,2,2023060135
230425,4000,5,1,0,0,5,2023079048
230743,3000,2,1,0,0,2,2023074411
240001,1200,2,1,0,0,2,2023033506
240001,7600,4,1,0,0,4,2023083567
240022,6400,10,1,0,0,10,2023022012
240032,7400,2,1,0,0,2,2023087371
240041,469,3,1,3,0,0,2023087054
240086,469,1,1,0,1,0,2023030839
240099,469,2,1,0,0,2,2023060200
240101,469,2,1,0,2,0,2023021027
240513,3000,2,1,0,0,2,2023050387
250001,195,2,1,0,0,2,2023030780
250001,246,2,1,0,0,2,2023022182
250001,666,3,1,0,0,3,2023054368
250005,6800,2,1,0,2,0,2023074786
250005,7300,4,1,0,0,4,2023017840
250021,7400,2,1,0,0,2,2023021836
250031,7400,2,1,0,0,2,2023016515
250032,6200,3,1,0,0,3,2023016385
250161,3000,2,1,0,0,2,2023051177
250235,3000,2,1,0,0,2,2023021880
250412,4000,2,1,0,0,2,2023012538
250534,3000,3,1,0,0,3,2023014553
250612,5000,3,1,0,0,3,2023091389
260006,9100,2,1,0,0,2,2023043795
260021,7400,2,1,0,0,2,2023090593
260052,6600,2,1,0,0,2,2023028449
260058,182,2,1,0,0,2,2023070568
260214,3000,2,1,0,0,2,2023025916
260215,8600,2,1,0,0,2,2023046922
270001,1031,1,1,0,1,0,2023027125
270001,1200,6,1,0,0,6,2023031090
270001,2550,3,1,0,0,3,2023089310
270002,9200,2,1,0,0,2,2023046865
270005,6800,2,1,0,0,2,2023075073
270014,195,2,1,0,0,2,2023050308
280001,1031,5,1,0,0,5,2023079593
280002,2800,5,1,0,0,5,2023020349
280007,6900,2,1,0,0,2,2023074097
280008,6500,2,1,0,0,2,2023059360
280009,1139,2,1,0,0,2,2023069506
280035,7400,2,1,0,0,2,2023053542
280153,9300,2,1,0,0,2,2023003493
290003,1034,2,1,0,0,2,2023097660
290113,4000,2,1,0,0,2,2023077840
290616,4000,3,1,0,0,3,2023084250
300001,1200,2,1,0,0,2,2023033281
300033,7400,2,1,0,0,2,2023099193
300052,7900,3,1,0,3,0,2023026218
300121,4000,2,1,0,2,0,2023009868
310005,6500,2,1,0,0,2,2023057646
310006,6800,2,1,2,0,0,2023018356
310052,195,3,1,0,0,3,2023095951
310052,7900,3,1,0,0,3,2023089115
310177,195,2,1,0,2,0,2023037603
310231,3000,2,1,0,2,0,2023086435
320001,166,4,1,0,0,4,2023093071
320006,7600,2,1,0,0,2,2023042491
320007,6500,2,1,0,0,2,2023081142
320012,9000,3,1,0,0,3,2023064628
330006,9100,2,1,0,0,2,2023013571
330042,6600,3,1,0,3,0,2023044860
330062,6600,2,1,0,0,2,2023097186
340001,1020,4,1,0,0,4,2023053857
340002,1139,3,1,0,0,3,2023057930
340042,6100,2,1,0,0,2,2023020595
340062,9000,4,1,0,0,4,2023032338
340131,4000,2,1,0,2,0,2023062405
350001,6700,1,1,0,1,0,2023052423
350002,8200,2,1,0,2,0,2023040272
350003,1034,2,1,0,0,2,2023070200
350005,6900,2,1,0,0,2,2023093185
350043,6100,2,1,0,2,0,2023088040
360001,1200,2,1,0,2,0,2023006403
360042,6600,2,1,0,0,2,2023084651
370002,1139,4,1,0,0,4,2023078039
370003,2640,3,1,0,0,3,2023080206
370004,2650,1,1,0,0,1,2023071265
380042,6600,2,1,0,2,0,2023094609
380062,9000,6,1,0,0,6,2023051587
380231,8600,2,1,0,0,2,2023036470
380533,3000,2,1,0,0,2,2023067127
390004,6500,3,1,0,0,3,2023071474
390042,6300,2,1,0,0,2,2023047054
390225,8600,2,1,0,0,2,2023062940
410001,166,2,1,0,0,2,2023004929
410001,7200,3,1,0,0,3,2023021925
410009,6400,2,1,0,0,2,2023055592
410062,9000,2,1,0,0,2,2023044272
430003,2100,2,1,0,0,2,2023084292
430044,1015,2,1,0,0,2,2023018740
430061,166,2,1,0,0,2,2023019333
430092,166,4,1,0,0,4,2023054763
430122,1015,2,1,0,0,2,2023043242
430176,166,2,1,0,0,2,2023006319
440022,9000,2,1,0,0,2,2023024367
450001,2500,4,1,0,0,4,2023060281
450007,6900,3,1,3,0,0,2023092172
450051,7400,2,1,0,0,2,2023033574
460001,31,2,1,0,0,2,2023094625
460004,9700,2,1,0,0,2,2023041735
480001,1031,2,1,0,0,2,2023033368
480009,1139,2,1,0,0,2,2023057170
480209,2550,3,1,0,0,3,2023089695
480724,5000,2,1,0,0,2,2023046972
490001,229,2,1,0,0,2,2023082098
500006,9100,4,1,0,0,4,2023036611
500050,2560,2,1,0,2,0,2023057277
510001,874,2,1,0,0,2,2023093256
510022,7400,2,1,2,0,0,2023061290
520003,2640,2,1,0,0,2,2023081080
530215,5000,3,1,0,0,3,2023068934
540005,6800,2,1,0,0,2,2023087448
540007,8300,2,1,0,0,2,2023041902
550001,8700,2,1,0,0,2,2023022456
550007,6400,2,1,0,0,2,2023047245
550225,5000,2,1,0,0,2,2023001265
560053,7900,2,1,0,0,2,2023017324
570001,229,2,1,0,0,2,2023036173
570001,681,1,1,0,0,1,2023017619
570001,8700,2,1,0,0,2,2023060239
570002,7100,2,1,0,0,2,2023012020
570031,874,2,1,0,0,2,2023052870
570163,874,3,1,0,0,3,2023048145
570523,5000,2,1,0,0,2,2023028715
580003,2640,3,1,0,0,3,2023090602
590053,7900,2,1,0,0,2,2023081883
590062,7900,3,1,0,0,3,2023021362
600003,7100,2,1,0,0,2,2023065105
610005,7800,2,1,0,0,2,2023082352
610007,246,2,1,0,0,2,2023052279
610100,246,3,1,0,0,3,2023062927
620062,7900,3,1,0,0,3,2023082957
630001,1031,8,1,0,0,8,2023077503
630001,1139,2,1,0,0,2,2023053348
630001,9600,3,1,0,0,3,2023082295
640017,1020,2,1,0,0,2,2023029929
640041,229,2,1,0,2,0,2023083147
640042,229,2,1,0,0,2,2023069804
650002,9500,2,1,0,0,2,2023046861
670001,681,2,1,0,0,2,2023028770
670001,1200,2,1,0,2,0,2023031262
670003,1139,2,1,0,0,2,2023056284
670022,7400,3,1,0,0,3,2023021954
670059,1031,3,1,0,0,3,2023090286
670178,1031,2,1,0,0,2,2023015919
670189,1031,2,1,0,2,0,2023048919
690001,2400,2,1,0,0,2,2023094077
690042,6100,3,1,0,0,3,2023092031
690062,7900,2,1,0,0,2,2023029332
710001,8700,2,1,0,0,2,2023071436
770002,2620,2,1,0,0,2,2023093392
770021,9000,2,1,0,2,0,2023085184
780135,1200,2,1,0,0,2,2023060670
780143,1200,2,1,0,0,2,2023011294
780201,1200,1,1,0,0,1,2023052227
780258,1200,2,1,0,0,2,2023081838
810042,6100,2,1,0,0,2,2023093253
830003,7700,3,1,0,0,3,2023060560
890006,9100,3,1,0,0,3,2023083034
900001,9400,2,1,0,0,2,2023089920
910035,7400,2,1,0,2,0,2023012160
1030001,9400,2,1,0,2,0,2023045299
1070009,6400,2,1,0,0,2,2023029802
1080007,6400,2,1,0,0,2,2023094444
1160007,6400,3,1,0,0,3,2023009128
1180007,6400,4,1,0,0,4,2023008098
1230002,8700,2,1,0,0,2,2023085060
1560002,7100,3,1,0,0,3,2023077179
1560005,9500,2,1,0,0,2,2023019079
5313001,5000,3,1,0,0,3,2023011415
7010002,1061,3,1,0,0,3,2023082838
7030002,1061,3,1,0,0,3,2023037527
7040011,9000,3,1,0,0,3,2023036138
7080022,7400,2,1,0,2,0,2023064936
7180051,9000,2,1,0,0,2,2023036285
7210002,7200,1,1,0,1,0,2023036406
7230000,8400,2,1,0,0,2,2023016120
7230043,9000,3,1,0,0,3,2023091429
7240001,7200,2,1,0,2,0,2023045878
7240002,8000,2,1,0,0,2,2023079877
7250003,2650,2,1,0,0,2,2023065607
7260003,2650,2,1,0,0,2,2023029156
7280000,2630,2,1,0,0,2,2023071235
7280001,8200,3,1,0,0,3,2023044318
7280007,6900,3,1,0,0,3,2023068051
7310007,6900,2,1,0,0,2,2023092302
7330313,5000,2,1,0,0,2,2023088785
7350001,8200,2,1,0,0,2,2023023138
7350001,8700,2,1,0,0,2,2023084520
7400011,9000,2,1,0,0,2,2023006765
7410004,2800,3,1,0,0,3,2023090266
7420003,8200,4,1,0,0,4,2023038911
7430215,8600,2,1,0,0,2,2023011623
7430317,5000,2,1,0,0,2,2023033133
7440002,7700,2,1,0,0,2,2023017381
7440317,5000,2,1,0,2,0,2023078253
7450003,2630,4,1,0,0,4,2023016357
7450004,2800,3,1,0,0,3,2023065678
7460003,2620,2,1,0,0,2,2023013812
7470001,2800,2,1,0,2,0,2023028091
7470001,7600,2,1,0,0,2,2023023720
7480001,2600,2,1,0,0,2,2023069009
7480001,6700,2,1,0,0,2,2023041958
7480002,70,2,1,0,0,2,2023044405
7490000,9700,2,1,0,0,2,2023077445
7490002,70,3,1,0,0,3,2023020783
7490002,7700,2,1,0,0,2,2023056443
7490010,6300,2,1,0,0,2,2023050495
7490011,6200,3,1,0,3,0,2023050855
7500002,2660,2,1,0,0,2,2023008674
7500013,6200,2,1,0,0,2,2023045242
7510002,70,2,1,0,2,0,2023008518
7510005,9500,3,1,0,0,3,2023099870
7510006,2200,3,1,0,0,3,2023059188
7530002,70,3,1,0,0,3,2023062154
7530002,2610,2,1,0,0,2,2023012510
7540004,2800,4,1,0,4,0,2023052002
7540007,2610,2,1,0,0,2,2023044580
7550119,9400,2,1,0,0,2,2023022880
7590004,1061,2,1,0,0,2,2023054000
7600002,6700,4,1,0,0,4,2023024404
7620005,7600,2,1,0,0,2,2023000059
7630003,2620,3,1,0,0,3,2023091531
7650002,9100,2,1,0,0,2,2023078638
7650004,70,3,1,0,0,3,2023067513
7650013,9000,2,1,0,0,2,2023086322
7650326,5000,2,1,0,2,0,2023058413
7660001,7600,6,1,0,0,6,2023039199
7660002,7800,2,1,0,0,2,2023072467
7660041,6600,2,1,0,0,2,2023090531
7670003,2600,2,1,0,0,2,2023020877
7670010,8300,2,1,0,2,0,2023060686
7670023,6200,2,1,0,0,2,2023072332
7680003,2620,2,1,0,2,0,2023092247
7690002,6700,2,1,0,2,0,2023024989
7690002,8200,2,1,0,0,2,2023096512
7690005,70,2,1,0,0,2,2023072357
7700331,5000,2,1,0,2,0,2023099879
7710005,70,2,1,0,0,2,2023032446
7720223,8600,2,1,0,0,2,2023090336
7730007,6500,2,1,0,0,2,2023000730
7730014,9000,2,1,0,0,2,2023020999
7740006,70,2,1,0,0,2,2023097243
7740007,6500,2,1,0,0,2,2023068862
7740011,6100,4,1,0,4,0,2023079258
7750004,6900,2,1,0,0,2,2023097048
7750044,9000,2,1,0,2,0,2023019217
7750223,4000,2,1,0,0,2,2023099112
7760223,4000,2,1,0,0,2,2023044813
7770001,2530,1,1,0,0,1,2023054429
7770001,2600,7,1,0,7,0,2023044287
7770034,6600,3,1,0,0,3,2023015824
7780001,2630,2,1,0,0,2,2023030921
7780008,2200,2,1,0,2,0,2023090079
7780224,4000,3,1,0,0,3,2023068781
7790001,1061,2,1,0,0,2,2023045536
7790016,6100,2,1,0,0,2,2023018779
7800224,4000,4,1,0,0,4,2023089256
7810004,1061,2,1,0,0,2,2023093340
7810011,7400,4,1,0,0,4,2023061692
7810031,6200,2,1,0,0,2,2023000040
7810223,8600,2,1,0,2,0,2023032247
7820001,2610,2,1,0,0,2,2023027827
7820003,1061,2,1,0,0,2,2023038948
7820009,6400,4,1,0,0,4,2023069962
7820031,6200,3,1,0,3,0,2023054555
7820041,9000,2,1,0,2,0,2023094496
7830002,2630,2,1,0,0,2,2023090460
7830005,2600,2,1,0,0,2,2023099835
7830006,6900,2,1,0,0,2,2023099296
7830011,7400,2,1,2,0,0,2023068444
7830100,2530,2,1,0,2,0,2023091116
7850001,9600,2,1,0,0,2,2023033338
7860015,9000,3,1,0,0,3,2023027489
7860341,5000,2,1,0,2,0,2023078444
7870001,9600,2,1,0,0,2,2023072152
7870002,7800,2,1,0,0,2,2023021675
7870004,8000,2,1,0,0,2,2023085735
7870032,6200,2,1,0,0,2,2023004755
7870341,5000,2,1,0,0,2,2023052954
7880004,2610,2,1,0,0,2,2023010037
7880014,70,2,1,0,0,2,2023011231
7880015,6100,3,1,0,3,0,2023002330
7880032,6200,3,1,0,3,0,2023020396
7890002,7800,2,1,0,0,2,2023016892
7890006,9600,2,1,0,0,2,2023067173
7900005,8400,1,1,0,1,0,2023077128
7900041,9000,2,1,0,0,2,2023064358
7910002,1061,3,1,0,0,3,2023029272
7910213,4000,2,1,0,0,2,2023017822
7920001,2610,2,1,0,0,2,2023066997
7920008,8300,2,1,0,0,2,2023084607
7920032,6200,2,1,0,0,2,2023009303
7930006,9100,2,1,0,2,0,2023031219
7940002,7100,3,1,0,0,3,2023034195
7940011,70,2,1,0,0,2,2023080519
7940212,4000,4,1,0,4,0,2023024884
7950003,8500,2,1,0,2,0,2023014483
7960002,6700,2,1,0,2,0,2023035075
7960004,6800,2,1,0,0,2,2023006780
7960006,9100,2,1,0,0,2,2023033094
7960008,8300,2,1,0,0,2,2023060982
7970002,9700,2,1,0,0,2,2023000731
7990009,8300,2,1,0,0,2,2023097935
8000002,8700,2,1,0,0,2,2023072674
8000013,2800,3,1,0,0,3,2023088575
8010004,6300,2,1,0,2,0,2023053404
8010006,9100,2,1,0,0,2,2023038750
8020002,7100,2,1,0,0,2,2023036973
8020003,2640,2,1,0,0,2,2023071039
8020008,6300,2,1,0,0,2,2023098995
8020033,6200,3,1,0,0,3,2023059352
8030003,6700,2,1,0,0,2,2023078146
8030012,7400,2,1,0,0,2,2023078790
8030337,5000,2,1,0,0,2,2023054615
8040002,6500,2,1,0,0,2,2023059946
8040012,7400,2,1,0,0,2,2023086355
8040033,6200,2,1,0,0,2,2023053011
8050002,2400,2,1,0,2,0,2023038129
8050018,2660,2,1,2,0,0,2023076920
8050132,4000,5,1,0,0,5,2023021174
8050135,2660,2,1,0,2,0,2023016810
8060001,2610,2,1,0,0,2,2023054566
8060002,6500,2,1,0,2,0,2023025373
8070001,2400,2,1,0,0,2,2023076016
8080001,1061,3,1,0,0,3,2023009947
8080004,2600,2,1,0,0,2,2023000118
8080004,7600,3,1,0,0,3,2023068036
8090003,7700,2,1,0,0,2,2023019483
8090032,9000,5,1,0,0,5,2023002132
8120001,2400,2,1,0,0,2,2023036155
8120001,8700,3,1,0,0,3,2023009974
8120051,6600,2,1,0,0,2,2023044827
8120132,4000,4,1,0,4,0,2023036485
8140002,6800,2,1,0,2,0,2023086139
8140014,70,2,1,0,0,2,2023048451
8140059,2400,2,1,0,0,2,2023012484
8140128,2400,6,1,0,0,6,2023059807
8150005,7700,2,1,0,0,2,2023067360
8150009,6300,2,1,0,0,2,2023020918
8150051,6600,1,1,0,1,0,2023039355
8160001,7000,6,1,0,0,6,2023048587
8160013,6100,2,1,0,0,2,2023010957
8170001,8700,2,1,0,0,2,2023011191
8170007,2640,2,1,0,0,2,2023061071
8170007,8400,2,1,0,0,2,2023097845
8180001,2610,2,1,0,0,2,2023045032
8180004,2100,2,1,0,0,2,2023095985
8180011,6300,2,1,0,0,2,2023088993
8190001,2640,2,1,0,0,2,2023096106
8190003,7600,2,1,0,0,2,2023083884
8190009,7100,2,1,0,2,0,2023035507
8190021,7400,2,1,0,0,2,2023064180
8190051,6200,2,1,0,0,2,2023078302
8200001,2610,2,1,0,2,0,2023029413
8200052,6200,2,1,0,0,2,2023066749
8210001,7000,2,1,2,0,0,2023057458
8210009,7100,2,1,0,2,0,2023044094
8210022,7400,2,1,0,0,2,2023029507
8210032,9000,2,1,0,0,2,2023086596
8220003,2100,2,1,0,0,2,2023019732
8220006,2640,3,1,0,0,3,2023075095
8220011,6400,2,1,0,0,2,2023002844
8220067,2100,2,1,0,0,2,2023069903
8220071,2100,2,1,0,0,2,2023070487
8230004,7700,5,1,0,0,5,2023068080
8230012,6100,2,1,0,0,2,2023071674
8230041,6200,2,1,0,2,0,2023014265
8240014,70,3,1,0,0,3,2023032571
8250010,7100,2,1,0,0,2,2023038780
8260002,6400,3,1,0,0,3,2023081953
8260002,7000,2,1,0,2,0,2023056428
8260012,6100,3,1,0,0,3,2023065249
8260021,7400,2,1,0,0,2,2023094349
8260053,6600,2,1,0,2,0,2023041654
8270001,2610,2,1,0,0,2,2023016969
8270005,6400,2,1,0,2,0,2023038855
8270012,2600,2,1,0,0,2,2023053631
8280004,8500,2,1,0,0,2,2023042746
8280008,7100,2,1,0,0,2,2023020386
8300004,6900,2,1,0,0,2,2023083745
8300008,7100,2,1,0,0,2,2023051491
8300214,8600,2,1,0,0,2,2023007195
8310001,2600,2,1,0,0,2,2023081026
8310001,7700,2,1,0,0,2,2023043895
8310008,2630,2,1,0,0,2,2023056620
8310012,7900,2,1,0,2,0,2023000317
8310018,2610,2,1,0,0,2,2023076350
8310021,70,2,1,0,0,2,2023090380
8310184,2610,2,1,0,2,0,2023049121
8310195,2610,7,1,0,7,0,2023049130
8310213,2610,3,1,0,0,3,2023003497
8310214,2610,2,1,0,0,2,2023048981
8320031,6100,2,1,0,0,2,2023018463
8330001,8700,2,1,0,0,2,2023041084
8330042,9000,2,1,0,0,2,2023075193
8330071,70,2,1,0,0,2,2023004647
8340020,1139,2,1,0,2,0,2023032039
8340106,1139,3,1,0,0,3,2023065446
8340160,1139,4,1,0,0,4,2023032014
8340168,1139,2,1,0,0,2,2023095074
8340197,1139,3,1,0,3,0,2023052224
8340431,5000,2,1,0,0,2,2023056036
8350001,6500,2,1,2,0,0,2023059645
8350002,7000,3,1,0,0,3,2023027193
8360001,7700,4,1,0,0,4,2023063889
8370010,8400,2,1,0,0,2,2023073632
8370184,7700,2,1,0,0,2,2023023502
8370258,7700,2,1,0,0,2,2023003283
8380006,2600,2,1,0,0,2,2023036660
8400001,2640,2,1,0,0,2,2023096268
8400010,8400,2,1,0,0,2,2023021008
8400034,6600,2,1,0,0,2,2023006336
8430010,8400,2,1,0,0,2,2023031631
8440005,6300,2,1,0,0,2,2023045647
8440012,7900,2,1,0,0,2,2023059070
8450001,70,3,1,0,0,3,2023043628
8450001,2600,2,1,0,0,2,2023069314
8450010,8400,2,1,0,0,2,2023082781
8450021,9000,3,1,0,0,3,2023065857
8450031,7400,2,1,0,0,2,2023011300
8460001,2600,2,1,0,0,2,2023055608
8460006,7100,3,1,0,3,0,2023009320
8460031,7400,3,1,0,0,3,2023057805
8470010,8400,2,1,0,0,2,2023013101
8470012,6200,2,1,0,0,2,2023016206
8470012,7900,3,1,0,0,3,2023056316
8470025,6100,2,1,0,0,2,2023089451
8480001,2600,3,1,0,0,3,2023024458
8480012,6200,2,1,0,2,0,2023042521
8490012,7900,2,1,0,0,2,2023019137
8490021,9000,3,1,0,0,3,2023040124
8490521,4000,2,1,0,0,2,2023020625
8500001,2600,2,1,0,0,2,2023025675
8510004,6400,2,1,0,2,0,2023055403
8520001,6500,2,1,0,0,2,2023034794
8520212,8600,2,1,0,0,2,2023035260
8530004,6400,3,1,0,0,3,2023009818
8540001,2600,2,1,0,0,2,2023013168
8540011,6200,3,1,0,0,3,2023084174
8540012,7900,2,1,0,0,2,2023041788
8550002,7100,3,1,0,0,3,2023082970
8550031,7400,2,1,0,0,2,2023011701
8560004,6400,4,1,0,0,4,2023067733
8560024,6100,2,1,0,0,2,2023065844
8580001,2630,2,1,0,0,2,2023059254
8580214,8600,2,1,0,0,2,2023054122
8590011,70,2,1,0,0,2,2023012339
8590059,2630,2,1,0,0,2,2023002406
8590240,2630,2,1,0,0,2,2023061617
8590244,2630,2,1,2,0,0,2023059428
8590247,2630,2,1,0,0,2,2023089341
8600005,8400,2,1,0,0,2,2023029690
8600177,6700,6,1,0,0,6,2023076404
8600178,6700,2,1,0,0,2,2023092094
8600344,5000,2,1,0,0,2,2023011350
8610007,8300,2,1,0,0,2,2023010347
8610023,7900,2,1,0,0,2,2023030637
8610344,5000,2,1,0,0,2,2023078531
8620023,7400,3,1,0,0,3,2023054365
8630005,8400,3,1,0,0,3,2023043229
8650023,7400,2,1,0,0,2,2023021858
8660022,7900,2,1,0,0,2,2023023566
8670004,8300,2,1,0,0,2,2023022121
8690003,7800,2,1,0,0,2,2023048069
8690056,6600,2,1,0,0,2,2023039547
8710056,6600,2,1,0,0,2,2023096931
8710345,5000,2,1,0,0,2,2023085299
8720001,2600,3,1,0,0,3,2023037551
8720005,8300,3,1,0,0,3,2023019715
8730005,8300,3,1,0,0,3,2023074693
8750001,7100,2,1,0,0,2,2023033544
8750002,70,2,1,0,0,2,2023037705
8760001,2600,2,1,0,0,2,2023003849
8770021,6100,3,1,0,3,0,2023014137
8780063,2600,2,1,0,0,2,2023071880
8780121,2600,2,1,0,2,0,2023099469
8780147,2600,2,1,0,0,2,2023037245
8780271,2600,2,1,0,2,0,2023094339
8810021,7900,2,1,0,0,2,2023027815
8820021,6100,2,1,0,0,2,2023033731
8830021,7100,2,1,0,0,2,2023001462
8840017,7800,2,1,0,0,2,2023061031
8840029,7800,2,1,0,0,2,2023043385
8840033,7400,2,1,0,0,2,2023091869
8840035,7800,2,1,0,0,2,2023073542
8840076,7800,2,1,0,0,2,2023037658
8840095,7800,3,1,0,0,3,2023083394
8840139,7800,2,1,0,0,2,2023033524
8840179,7800,2,1,0,0,2,2023000288
8840299,7800,3,1,0,0,3,2023079709
8850022,7900,2,1,0,0,2,2023083007
8880052,70,2,1,0,2,0,2023000520
8890005,9100,2,1,0,0,2,2023067993
8920021,7100,2,1,0,0,2,2023082360
8940022,6100,2,1,0,2,0,2023072110
8940111,3000,2,1,0,2,0,2023049539
8950005,8300,2,1,0,0,2,2023008901
8960002,7300,2,1,0,0,2,2023096097
8960041,70,1,1,0,0,1,2023062354
8960051,6200,2,1,0,0,2,2023053605
8960073,6600,2,1,0,0,2,2023074103
8960432,5000,2,1,0,0,2,2023006884
8970074,6600,2,1,0,0,2,2023020782
8980008,8400,2,1,0,2,0,2023099135
8990071,6600,4,1,0,4,0,2023015803
9000008,8400,3,1,0,0,3,2023077887
9000022,6100,2,1,0,0,2,2023047857
9020032,7400,2,1,0,0,2,2023020459
9020123,8600,2,1,0,2,0,2023061061
9020422,4000,2,1,0,0,2,2023097221
9030032,7900,2,1,0,0,2,2023067725
9040335,70,2,1,0,0,2,2023072915
9050035,7400,3,1,0,0,3,2023092338
9060032,7900,2,1,0,0,2,2023024119
9060041,70,5,1,0,0,5,2023006079
9070213,6200,2,1,0,0,2,2023030272
9080132,70,2,1,0,0,2,2023085463
9090032,7900,2,1,0,0,2,2023069791
9100032,7900,2,1,0,0,2,2023080536
9110121,3000,2,1,0,0,2,2023023518
9120004,6500,3,1,0,0,3,2023023068
9140004,8300,2,1,2,0,0,2023044387
9140008,70,2,1,0,2,0,2023083358
9140022,6600,1,1,0,1,0,2023005943
9150121,3000,2,1,0,0,2,2023042760
9160031,7300,2,1,0,2,0,2023030931
9190123,3000,2,1,0,2,0,2023033868
9190323,5000,2,1,0,0,2,2023083163
9190335,70,1,1,0,0,1,2023073135
9210023,6600,2,1,0,0,2,2023075112
9210033,6200,2,1,0,0,2,2023005027
9210322,4000,2,1,0,0,2,2023061768
9220009,6500,2,1,0,0,2,2023005915
9220033,7900,3,1,0,0,3,2023039222
9220073,70,2,1,0,0,2,2023085637
9230033,7900,3,1,0,0,3,2023033964
9230123,8600,2,1,0,2,0,2023077798
9240003,8300,3,1,0,0,3,2023051447
9240006,7000,2,1,0,0,2,2023093432
9240176,3000,3,1,0,0,3,2023067168
9250001,8700,2,1,0,2,0,2023081849
9250002,7000,2,1,0,0,2,2023087959
9280033,7900,2,1,0,0,2,2023050307
9300003,2650,3,1,0,0,3,2023092576
9310051,7400,2,1,0,0,2,2023004398
9330041,70,2,1,0,0,2,2023084110
9360043,6100,2,1,0,0,2,2023091352
9370006,8700,2,1,0,0,2,2023002815
9370051,7400,2,1,0,0,2,2023097296
9370211,70,3,1,0,0,3,2023096883
9380123,70,3,1,0,0,3,2023068701
9400004,6500,2,1,0,0,2,2023034967
9410172,3000,2,1,0,0,2,2023034555
9430042,7900,2,1,0,0,2,2023099217
9430124,8600,2,1,0,0,2,2023076676
9430323,4000,7,1,0,7,0,2023083957
9450137,70,2,1,0,0,2,2023089022
9470113,8600,2,1,0,2,0,2023067016
9510006,7300,3,1,0,0,3,2023092755
9510043,7900,3,1,0,0,3,2023009050
9520012,9000,3,1,0,3,0,2023051603
9520041,6100,2,1,0,0,2,2023000073
9520043,7900,2,1,0,0,2,2023033270
9520113,8600,2,1,0,2,0,2023045571
9540014,7900,2,1,0,0,2,2023087632
9550002,8700,2,1,0,0,2,2023002367
9550014,7900,3,1,0,0,3,2023094908
9580001,8700,2,1,0,0,2,2023027178
9590122,8600,2,1,0,0,2,2023012823
9610010,466,2,1,0,2,0,2023067042
9660011,6600,2,1,0,0,2,2023063705
9670011,6600,5,1,0,0,5,2023092811
9680042,6100,2,1,0,0,2,2023078997
9680325,70,2,1,0,0,2,2023066156
9690001,8700,2,1,0,0,2,2023015933
9740124,3000,2,1,0,0,2,2023090530
9740422,4000,3,1,0,0,3,2023068623
9770062,7900,2,1,0,0,2,2023023688
9770414,5000,4,1,0,0,4,2023047966
9780007,6500,2,1,0,0,2,2023099278
9790117,8600,2,1,0,0,2,2023031063
9800053,6500,2,1,0,0,2,2023064428
9800130,6500,3,1,0,0,3,2023099156
9800154,6500,2,1,0,0,2,2023034065
9800200,6500,2,1,0,0,2,2023055595
9800443,6500,2,1,0,0,2,2023047056
9800532,6500,3,1,0,0,3,2023044628
9800557,6500,2,1,0,0,2,2023099172
9820001,7300,2,1,2,0,0,2023067434
9840051,9000,3,1,0,3,0,2023084791
9840052,70,2,1,0,0,2,2023087244
9850034,6400,2,1,0,0,2,2023041928
9850413,5000,5,1,0,0,5,2023068983
9860001,7100,2,1,0,0,2,2023082690
9860314,7400,3,1,0,0,3,2023007876
9880008,8700,2,1,0,0,2,2023053130
9880054,7900,2,1,0,0,2,2023056196
9890011,70,2,1,0,0,2,2023045103
9890041,6100,2,1,0,2,0,2023081814
9890314,7400,2,1,0,0,2,2023032834
9900052,7900,3,1,0,0,3,2023028753
9910052,6600,2,1,0,2,0,2023044268
9910422,5000,2,1,0,0,2,2023017007
9930052,7900,2,1,0,0,2,2023016629
9940053,7400,3,1,0,0,3,2023083384
9950527,4000,2,1,0,0,2,2023045727
9990001,70,2,1,0,0,2,2023097969
10010053,7900,5,1,0,0,5,2023003758
10010313,7400,2,1,0,0,2,2023081594
10020001,70,2,1,0,0,2,2023087527
10020114,8600,2,1,0,0,2,2023026519
10030065,8500,2,1,2,0,0,2023055884
10030201,8500,2,1,0,0,2,2023025267
10030235,8500,2,1,0,0,2,2023055270
10030255,8500,2,1,0,0,2,2023060878
10060423,5000,2,1,0,0,2,2023094646
10070083,6200,2,1,0,0,2,2023011348
10080115,8600,2,1,0,0,2,2023016839
10080175,3000,2,1,0,0,2,2023015119
10120023,6600,3,1,0,0,3,2023028522
10130033,7100,2,1,0,0,2,2023043257
10150006,70,2,1,0,0,2,2023088680
10150045,70,2,1,0,0,2,2023008616
10150071,70,2,1,0,0,2,2023084523
10150097,70,2,1,0,0,2,2023010382
10150098,70,2,1,0,0,2,2023007118
10150129,70,2,1,0,0,2,2023059079
10150156,70,2,1,0,0,2,2023088956
10150244,70,2,1,0,0,2,2023036009
10150255,70,3,1,0,3,0,2023019526
10150316,70,2,1,0,0,2,2023039076
10150358,70,2,1,0,0,2,2023016019
10150407,70,2,1,0,2,0,2023028759
10150424,5000,2,1,0,0,2,2023074062
10150435,70,2,1,0,0,2,2023031720
10150436,70,2,1,0,0,2,2023085261
10160053,9000,2,1,0,0,2,2023066137
10160424,5000,2,1,0,0,2,2023034545
10180074,6600,2,1,0,0,2,2023057330
10180323,7400,2,1,0,0,2,2023022159
10180424,5000,2,1,0,0,2,2023075887
10190314,7400,3,1,0,0,3,2023024163
10200521,9000,2,1,0,0,2,2023045004
10220113,7400,2,1,0,0,2,2023042686
10220434,5000,4,1,0,0,4,2023075105
10230172,3000,2,1,0,0,2,2023059191
10260111,8600,2,1,0,0,2,2023061377
10280523,4000,3,1,0,0,3,2023064921
10300412,6600,2,1,0,0,2,2023078856
10350008,6400,2,1,0,0,2,2023097652
10360016,6100,2,1,0,0,2,2023089831
10370025,6100,2,1,0,0,2,2023091857
10380127,3000,2,1,0,0,2,2023042249
10420054,6600,2,1,0,0,2,2023069658
10440034,7600,2,1,0,0,2,2023059646
10440051,9000,2,1,0,0,2,2023021471
10440172,7600,2,1,0,0,2,2023067374
10440192,7600,2,1,0,0,2,2023007745
10460041,7900,2,1,0,0,2,2023065748
10480041,7900,2,1,0,0,2,2023061132
10490141,3000,2,1,0,0,2,2023096685
10490233,4000,2,1,0,0,2,2023043602
10500006,8700,2,1,0,2,0,2023072327
10500159,6400,2,1,0,0,2,2023020110
10500351,6400,2,1,0,0,2,2023004123
10500817,5000,2,1,0,0,2,2023043973
10510017,7100,3,1,0,0,3,2023004821
10510031,7900,2,1,0,2,0,2023083572
10510052,9000,3,1,0,0,3,2023002283
10520233,4000,2,1,0,2,0,2023040435
10550001,8700,2,1,0,0,2,2023012996
10590001,6100,2,1,0,0,2,2023030248
10590021,7100,2,1,0,0,2,2023092504
10590029,7400,2,1,0,0,2,2023023907
10590078,7400,2,1,0,0,2,2023094366
10590080,7400,2,1,0,0,2,2023071688
10590095,7400,3,1,3,0,0,2023048440
10590128,7400,2,1,0,0,2,2023013494
10590185,7400,2,1,0,0,2,2023049551
10590189,7400,3,1,0,0,3,2023049570
10590237,7400,1,1,0,0,1,2023019215
10590262,7400,2,1,0,0,2,2023095163
10590335,7400,2,1,0,2,0,2023005212
10590353,7400,2,1,0,0,2,2023031757
10590364,7400,2,1,0,0,2,2023031986
10590376,7400,1,1,0,1,0,2023042917
10590381,7400,2,1,0,2,0,2023021115
10590420,7400,2,1,0,0,2,2023043085
10590439,7400,3,1,0,0,3,2023019509
10590502,7400,5,1,0,0,5,2023035013
10590509,7400,2,1,0,0,2,2023048852
10590511,7400,2,1,0,0,2,2023085125
10590523,7400,2,1,0,0,2,2023045445
10610022,9000,2,1,0,0,2,2023020886
10610111,8600,2,1,0,2,0,2023000746
10630313,4000,3,1,0,0,3,2023077892
10680048,8700,2,1,0,0,2,2023001378
10680282,8700,3,1,0,0,3,2023074290
10680321,8700,2,1,0,0,2,2023080449
10680322,8700,3,1,0,0,3,2023062982
10690513,5000,2,1,0,0,2,2023041710
10700311,4000,3,1,0,0,3,2023049330
10720056,6600,2,1,0,2,0,2023094028
10750011,6600,2,1,0,0,2,2023036922
10750052,9000,1,1,0,0,1,2023023238
10770012,9000,2,1,0,0,2,2023020786
10770143,3000,2,1,0,0,2,2023090511
10780127,8600,3,1,0,0,3,2023049657
10790001,7100,2,1,0,2,0,2023031695
10800029,7100,2,1,0,0,2,2023086356
10800080,7100,2,1,0,2,0,2023007503
10800246,7100,3,1,3,0,0,2023079268
10800352,7100,2,1,0,0,2,2023057262
10800362,7100,2,1,0,0,2,2023065555
10800444,7100,2,1,0,0,2,2023070014
10800457,7100,2,1,0,0,2,2023078887
10800517,5000,2,1,0,0,2,2023066645
10830517,5000,2,1,0,0,2,2023036779
10850012,9000,3,1,0,0,3,2023061829
10880146,3000,2,1,0,0,2,2023071814
10890024,7900,2,1,0,2,0,2023095231
10900052,9000,2,1,0,0,2,2023084379
10900516,5000,2,1,0,0,2,2023046840
10910232,4000,2,1,0,0,2,2023027280
10930835,6600,2,1,0,0,2,2023045169
10970141,3000,2,1,0,0,2,2023056778
11060231,4000,2,1,0,0,2,2023023846
11070312,9000,5,1,0,0,5,2023002810
11080422,4000,1,1,0,1,0,2023028325
11100001,6600,2,1,0,0,2,2023024620
11100006,6600,2,1,0,0,2,2023001452
11100157,6600,3,1,0,0,3,2023097012
11100309,6600,4,1,4,0,0,2023012736
11100319,6600,2,1,0,0,2,2023034916
11100351,6600,3,1,0,0,3,2023098187
11100356,6600,2,1,0,0,2,2023099957
11170115,7900,3,1,0,0,3,2023055331
11230642,3000,2,1,0,0,2,2023095290
11260012,9000,2,1,0,2,0,2023066489
11270523,5000,2,1,0,0,2,2023036070
11300414,7900,2,1,0,0,2,2023024199
11370031,7900,3,1,0,0,3,2023099565
11450534,5000,2,1,0,0,2,2023093067
11460541,5000,2,1,0,0,2,2023091167
11510121,7900,2,1,0,0,2,2023004947
11680521,3000,2,1,0,0,2,2023062866
11680545,5000,2,1,0,0,2,2023061510
11720111,7900,3,1,0,0,3,2023063821
11740117,7900,4,1,0,0,4,2023066866
11760521,3000,2,1,2,0,0,2023050629
11790115,7900,3,1,0,0,3,2023019277
11820152,3000,2,1,0,2,0,2023012785
11890612,5000,2,1,0,2,0,2023093021
11950611,5000,2,1,0,0,2,2023040126
11960611,5000,2,1,0,0,2,2023033089
12030011,8400,2,1,0,0,2,2023009691
12050152,3000,2,1,0,2,0,2023029982
12090006,9600,3,1,0,0,3,2023038837
12130007,8400,5,1,0,0,5,2023092262
12190011,8400,7,1,0,0,7,2023097197
12260911,5000,6,1,0,6,0,2023077818
12270151,3000,2,1,0,0,2,2023034558
12290151,3000,2,1,0,0,2,2023027877
12320002,8200,2,1,0,0,2,2023070666
12340005,8200,2,1,0,0,2,2023091889
12370005,9600,2,1,0,2,0,2023066317
12450001,8200,2,1,0,0,2,2023037219
12490415,3000,2,1,0,0,2,2023070205
12490623,5000,3,1,0,3,0,2023076909
12500025,8200,2,1,0,0,2,2023043481
12500070,8200,2,1,0,0,2,2023085344
12500912,5000,2,1,0,2,0,2023026222
12540003,6900,5,1,0,0,5,2023031897
12700001,6900,2,1,0,0,2,2023033955
12730533,3000,2,1,0,2,0,2023002603
12830122,4000,2,1,0,0,2,2023077600
12840016,7000,2,1,0,0,2,2023030103
12840034,7000,2,1,0,0,2,2023022511
12840205,7000,2,1,0,0,2,2023099822
12860012,6900,2,1,0,0,2,2023055741
12920551,5000,2,1,0,0,2,2023077162
12960556,5000,2,1,0,0,2,2023028241
13000556,5000,2,1,0,0,2,2023055334
13020557,5000,2,1,0,0,2,2023061737
13030222,6900,2,1,0,0,2,2023011997
13030229,6900,4,1,0,0,4,2023088020
13030310,6900,3,1,0,0,3,2023040729
13030394,6900,2,1,0,2,0,2023014928
13030396,6900,2,1,0,0,2,2023043134
13230555,5000,2,1,0,0,2,2023010013
13240002,6800,4,1,0,0,4,2023053943
13290041,6800,3,1,0,3,0,2023052310
13290101,6800,2,1,0,2,0,2023073797
13340815,5000,4,1,0,0,4,2023083002
13430812,5000,2,1,0,0,2,2023014721
13510812,5000,2,1,0,0,2,2023039033
13520814,5000,2,1,0,0,2,2023010911
13590511,3000,3,1,0,0,3,2023000481
13670412,3000,2,1,0,0,2,2023052266
13810413,3000,2,1,0,0,2,2023043870
13840413,3000,2,1,0,2,0,2023016020
14060423,3000,2,1,0,0,2,2023049409
14100422,3000,2,1,0,0,2,2023089540
14110423,3000,2,1,0,0,2,2023063021
14210415,3000,2,1,0,0,2,2023091593
14220421,4000,3,1,0,0,3,2023058878
14230422,3000,2,1,0,0,2,2023022594
14280421,3000,6,1,0,0,6,2023042384
14280621,4000,2,1,0,2,0,2023074764
14320411,3000,2,1,0,0,2,2023035034
14360714,5000,2,1,0,0,2,2023058979
14390711,5000,3,1,0,0,3,2023042667
14510713,5000,2,1,0,0,2,2023051938
14540714,5000,2,1,0,0,2,2023018634
14550714,5000,2,1,0,0,2,2023003975
14560523,9000,2,1,0,0,2,2023039839
14560714,5000,2,1,0,0,2,2023033331
14570313,4000,1,1,0,0,1,2023044820
14600314,4000,2,1,0,0,2,2023095159
14620713,5000,3,1,0,0,3,2023001159
14650222,4000,2,1,0,0,2,2023008035
14660012,9000,2,1,0,0,2,2023059387
14730412,4000,2,1,2,0,0,2023005540
14730823,5000,2,1,0,0,2,2023064076
14790412,4000,2,1,0,2,0,2023059740
14860411,4000,1,1,0,0,1,2023089464
14910001,9100,2,1,0,0,2,2023031358
14910321,3000,2,1,0,0,2,2023054012
14920321,3000,2,1,0,0,2,2023080120
14920523,9000,2,1,0,0,2,2023004100
14970012,9000,2,1,0,2,0,2023089651
14970092,9100,2,1,0,0,2,2023055079
14970816,5000,2,1,0,2,0,2023059649
15130313,3000,2,1,0,0,2,2023097378
15160001,2500,2,1,0,0,2,2023057539
15170817,5000,2,1,0,2,0,2023036258
15200012,9000,1,1,0,1,0,2023035545
15200315,3000,2,1,0,0,2,2023012705
15240927,5000,2,1,0,2,0,2023092036
15270924,5000,2,1,0,2,0,2023074951
15290021,9000,2,1,0,0,2,2023008031
15330523,9000,3,1,0,0,3,2023085298
15400023,9000,3,1,0,3,0,2023022420
15410001,2500,3,1,0,0,3,2023047341
15480001,2500,6,1,0,0,6,2023005140
15530001,2500,2,1,0,0,2,2023017464
15540061,9000,2,1,0,0,2,2023058531
15560008,9600,2,1,0,0,2,2023085111
15600733,5000,2,1,0,0,2,2023026101
15660009,9600,2,1,0,0,2,2023039144
15680011,9600,2,1,0,0,2,2023064958
15680126,9600,3,1,0,0,3,2023092007
15680131,9600,6,1,0,0,6,2023095130
15710009,2500,4,1,0,0,4,2023015755
15710086,2500,3,1,0,0,3,2023094853
15800001,9000,2,1,0,0,2,2023037968
15820232,3000,2,1,0,2,0,2023040453
15840734,5000,2,1,0,2,0,2023004232
15850725,5000,2,1,0,0,2,2023044767
15920001,9000,2,1,0,0,2,2023044162
15930724,5000,2,1,0,0,2,2023029134
15990732,5000,2,1,0,0,2,2023089275
16000732,5000,2,1,0,0,2,2023057570
16080732,5000,2,1,0,0,2,2023010074
16210711,5000,2,1,0,0,2,2023066140
16240164,3000,2,1,0,0,2,2023074732
16270721,5000,2,1,0,0,2,2023073735
16510424,4000,2,1,0,0,2,2023091666
16540221,5000,2,1,0,0,2,2023000404
16630121,4000,2,1,0,0,2,2023052933
16660165,3000,2,1,0,0,2,2023037661
16720212,4000,3,1,0,3,0,2023019018
16740131,4000,3,1,0,0,3,2023031088
16980165,3000,2,1,0,0,2,2023068193
16990323,4000,3,1,0,0,3,2023093425
17000211,5000,3,1,0,3,0,2023038375
17000742,4000,1,1,0,0,1,2023055376
17060212,5000,2,1,0,0,2,2023057382
17070212,5000,2,1,0,0,2,2023086793
17070621,4000,6,1,0,0,6,2023005342
17100616,4000,2,1,0,0,2,2023050620
17120213,5000,2,1,0,0,2,2023000772
17150227,8600,2,1,0,0,2,2023047992
17200001,7900,3,1,0,0,3,2023096631
17220001,7900,2,1,0,0,2,2023073265
17330001,7900,3,1,0,0,3,2023088002
17360001,7900,2,1,0,2,0,2023095460
17430225,5000,3,1,0,0,3,2023034890
17440225,5000,4,1,0,0,4,2023085144
17460001,7900,2,1,0,0,2,2023051298
17530232,4000,2,1,0,0,2,2023032982
17640554,5000,2,1,0,0,2,2023008459
17670010,4000,2,1,0,2,0,2023020930
17680554,5000,2,1,0,0,2,2023006447
17760005,8400,3,1,0,0,3,2023030854
17800001,7200,2,1,0,0,2,2023073095
17800421,4000,4,1,0,0,4,2023070348
17800926,5000,2,1,0,2,0,2023028666
17810032,7200,2,1,0,0,2,2023040202
17810060,7200,2,1,0,0,2,2023036967
17810189,7200,3,1,0,0,3,2023022940
17810220,7200,2,1,0,2,0,2023078473
17830424,4000,2,1,0,0,2,2023055593
17830926,5000,2,1,0,0,2,2023087688
17890040,8400,3,1,0,0,3,2023046032
17890122,8400,2,1,0,2,0,2023060606
17890181,8400,2,1,0,0,2,2023067848
17890289,8400,2,1,0,0,2,2023052210
17970117,8600,3,1,0,0,3,2023009850
17980412,4000,5,1,0,0,5,2023096645
18010924,5000,2,1,0,2,0,2023052972
18040924,5000,2,1,0,0,2,2023087948
18060001,8600,2,1,0,0,2,2023092128
18060412,4000,4,1,0,0,4,2023055195
18110008,8300,3,1,0,0,3,2023052237
18130001,4000,1,1,0,0,1,2023041199
18150001,4000,2,1,0,0,2,2023058942
18170001,4000,1,1,0,1,0,2023022802
18240010,8300,2,1,0,0,2,2023018475
18310004,1034,2,1,0,0,2,2023063614
18380039,4000,2,1,0,2,0,2023077282
18380089,4000,2,1,0,0,2,2023024770
18380099,4000,5,1,0,0,5,2023062791
18380186,4000,2,1,0,0,2,2023044243
18380252,4000,3,1,0,3,0,2023083525
18380271,4000,2,1,0,0,2,2023066022
18380303,4000,2,1,0,0,2,2023078486
18380346,4000,2,1,0,0,2,2023079772
18380365,4000,2,1,0,0,2,2023032222
18380370,4000,2,1,0,0,2,2023005833
18380618,4000,2,1,0,0,2,2023007202
18380699,4000,2,1,0,0,2,2023033747
18380717,4000,2,1,0,2,0,2023038751
18380742,4000,2,1,0,0,2,2023060429
18380810,4000,3,1,0,0,3,2023057337
18380868,4000,4,1,0,0,4,2023034696
18380937,5000,2,1,0,2,0,2023043474
18380972,4000,2,1,0,0,2,2023051339
18380977,4000,1,1,0,1,0,2023098672
18380979,4000,2,1,0,0,2,2023006246
18380985,4000,2,1,0,0,2,2023077229
18380992,4000,2,1,0,0,2,2023048499
18540315,8300,4,1,0,0,4,2023074833
18590533,3000,2,1,0,0,2,2023087473
18610008,8300,2,1,0,2,0,2023018134
18810533,5000,2,1,0,0,2,2023045887
19010136,8300,3,1,0,3,0,2023026939
19190931,5000,2,1,0,0,2,2023023807
19270311,8300,4,1,0,4,0,2023069126
19520322,8300,2,1,0,2,0,2023067929
19520934,5000,2,1,0,0,2,2023038817
19860322,8300,3,1,0,3,0,2023014403
20170001,8300,2,1,0,0,2,2023026077
20220001,8300,5,1,0,0,5,2023013904
20260001,8300,3,1,0,0,3,2023040258
20290001,8300,3,1,0,0,3,2023015648
20340001,8300,3,1,0,3,0,2023081853
20390008,8300,3,1,0,3,0,2023080473
20390339,8300,2,1,0,0,2,2023050106
20390352,8300,2,1,0,0,2,2023011716
20390613,8300,2,1,0,0,2,2023098425
20390661,8300,2,1,0,0,2,2023085101
20390678,8300,2,1,0,0,2,2023067656
20390779,8300,2,1,0,0,2,2023070448
20390833,8300,2,1,0,0,2,2023027742
20390849,8300,2,1,0,0,2,2023060075
20390894,8300,3,1,0,0,3,2023025788
20390902,8300,2,1,0,0,2,2023038921
20530725,5000,2,1,0,0,2,2023057466
20820125,5000,2,1,0,0,2,2023039815
20880113,5000,2,1,2,0,0,2023092248
21220744,5000,2,1,0,2,0,2023049312
21270744,5000,4,1,0,0,4,2023081664
21810002,9700,2,1,0,0,2,2023018561
21840002,9700,2,1,0,0,2,2023004503
21860004,2650,2,1,0,0,2,2023062294
22010007,9700,2,1,0,0,2,2023033831
22090001,2650,2,1,0,2,0,2023007381
22330933,5000,2,1,0,0,2,2023039062
22430077,9700,2,1,0,0,2,2023044555
22430116,9700,2,1,0,0,2,2023078905
22430174,9700,2,1,0,0,2,2023064528
22430250,9700,2,1,0,0,2,2023042791
22480732,3000,3,1,0,0,3,2023068550
22610125,5000,2,1,0,0,2,2023035400
23550121,5000,2,1,0,0,2,2023048618
23670112,3000,2,1,0,0,2,2023024017
23770724,3000,1,1,0,0,1,2023090243
23850114,5000,2,1,0,0,2,2023073073
23870532,5000,2,1,0,0,2,2023064060
23910937,5000,2,1,0,2,0,2023049779
23920122,5000,2,1,0,0,2,2023042349
23920844,3000,2,1,0,0,2,2023061481
23940841,3000,4,1,0,0,4,2023078322
23960845,3000,3,1,0,0,3,2023074885
23990331,3000,3,1,0,0,3,2023062180
24010531,5000,2,1,0,2,0,2023034039
24020251,3000,2,1,0,0,2,2023052898
24100832,3000,2,1,0,0,2,2023044800
24110844,3000,2,1,0,0,2,2023021005
24140826,5000,2,1,0,0,2,2023031136
24180225,5000,3,1,0,0,3,2023004668
24200942,5000,3,1,0,0,3,2023099036
24240735,3000,3,1,0,0,3,2023027940
24310761,3000,2,1,0,0,2,2023041020
24320934,5000,2,1,0,2,0,2023074567
24350531,5000,2,1,0,2,0,2023077674
24380215,5000,2,1,0,2,0,2023042301
24410661,3000,3,1,0,0,3,2023002456
24490713,3000,2,1,0,0,2,2023088884
24520714,3000,5,1,0,0,5,2023005893
24580541,3000,2,1,0,0,2,2023097886
24600214,5000,3,1,0,0,3,2023088312
24630724,3000,4,1,0,0,4,2023025020
24650735,3000,2,1,0,0,2,2023082791
24750661,3000,2,1,0,0,2,2023084910
24800244,5000,2,1,0,0,2,2023026595
24810211,3000,2,1,0,0,2,2023058207
24810225,5000,2,1,0,0,2,2023083481
24820713,3000,3,1,0,0,3,2023011312
24880844,3000,2,1,0,0,2,2023075216
24900716,3000,2,1,0,2,0,2023066386
25070122,5000,2,1,0,0,2,2023039519
25320223,3000,3,1,0,0,3,2023094006
25330223,3000,3,1,0,0,3,2023022411
25440222,5000,2,1,0,0,2,2023059949
25520724,3000,2,1,0,0,2,2023063799
25570724,3000,2,1,0,2,0,2023078568
25630222,5000,3,1,0,0,3,2023060174
25740943,5000,3,1,0,0,3,2023068111
25750735,3000,3,1,0,0,3,2023052996
25760312,3000,2,1,0,0,2,2023084033
25810842,3000,2,1,0,0,2,2023023115
25820842,3000,3,1,0,0,3,2023037639
25840735,3000,2,1,0,2,0,2023065277
25950842,3000,5,1,0,0,5,2023087987
26110223,3000,2,1,0,2,0,2023086513
26330536,3000,2,1,0,0,2,2023099916
26480415,3000,2,1,0,0,2,2023036287
26820842,3000,2,1,0,2,0,2023029520
26830735,3000,2,1,0,0,2,2023081915
26940211,3000,2,1,0,0,2,2023089569
27730214,3000,3,1,0,0,3,2023054320
28050251,3000,2,1,0,0,2,2023070249
28080741,3000,2,1,0,2,0,2023065180
28130725,3000,3,1,0,3,0,2023091470
28420065,2640,2,1,0,0,2,2023049207
28420243,2640,3,1,0,0,3,2023054692
28420249,2640,2,1,0,0,2,2023099121
28420251,2640,2,1,0,0,2,2023029660
28440715,3000,3,1,0,0,3,2023052689
28670251,3000,2,1,0,2,0,2023076816
28690832,3000,4,1,0,0,4,2023008542
28740735,3000,4,1,0,0,4,2023028768
28780001,3000,2,1,0,0,2,2023024350
28830001,3000,2,1,0,0,2,2023069046
28970001,3000,3,1,0,0,3,2023067022
29210001,3000,2,1,0,0,2,2023071028
29330001,3000,2,1,0,0,2,2023015935
29610001,3000,2,1,0,0,2,2023084210
29670001,3000,2,1,0,0,2,2023043916
47840003,6300,3,1,0,0,3,2023087910
47860028,6300,3,1,0,0,3,2023000679
47860047,6300,2,1,0,0,2,2023047517
52980001,5000,3,1,0,0,3,2023094659
53000001,5000,2,1,0,0,2,2023029206
60400943,5000,2,1,0,0,2,2023083982
67750011,6100,2,1,0,0,2,2023059286
67750026,6100,2,1,0,0,2,2023080529
67750041,6100,3,1,0,0,3,2023013980
67750068,6100,2,1,0,0,2,2023002841
67750091,6100,1,1,0,0,1,2023080630
67750100,6100,2,1,0,2,0,2023021445
67750146,6100,2,1,0,0,2,2023086201
67750173,6100,2,1,0,0,2,2023038887
67760001,681,3,1,0,0,3,2023059492
67780024,681,2,1,0,2,0,2023050280
68150087,2620,2,1,0,0,2,2023086476
68150088,2620,2,1,0,0,2,2023037341
68150094,2620,3,1,0,0,3,2023071633
68150106,2620,2,1,0,0,2,2023033023
68150107,2620,2,1,0,0,2,2023018523
68150136,2620,2,1,0,0,2,2023017517
68880031,6200,3,1,0,0,3,2023040255
80040125,5000,2,1,0,0,2,2023078748
80130554,5000,2,1,0,0,2,2023044466
80150397,5000,5,1,0,0,5,2023075981
80150483,5000,4,1,0,4,0,2023000536
80150502,5000,2,1,0,0,2,2023057265
80150544,5000,2,1,0,0,2,2023021831
80150574,5000,3,1,0,3,0,2023074005
80150615,5000,1,1,0,0,1,2023088658
80150679,5000,2,1,2,0,0,2023084727
80150684,5000,2,1,0,0,2,2023050945
80150765,5000,2,1,0,0,2,2023016921
80150783,5000,2,1,0,0,2,2023021913
80150879,5000,2,1,0,0,2,2023006437
80150888,5000,2,1,0,2,0,2023094045
80150917,5000,2,1,0,0,2,2023085587
80150931,5000,3,1,0,0,3,2023020314
80150944,5000,2,1,0,0,2,2023062592
80151147,5000,2,1,0,0,2,2023021768
80151220,5000,2,1,0,0,2,2023039158
80151338,5000,2,1,0,0,2,2023059543
80151401,5000,2,1,0,0,2,2023021536
80151416,5000,2,1,0,2,0,2023024480
80151491,5000,2,1,0,0,2,2023016424
80151659,5000,2,1,0,0,2,2023084767
80152037,5000,2,1,0,2,0,2023066560
80230106,6200,2,1,0,2,0,2023073451
80230140,6200,2,1,0,0,2,2023095769
91980001,7300,3,1,0,0,3,2023010397
91980244,7300,1,1,0,0,1,2023015944
92870548,3000,2,1,0,2,0,2023063502
92870604,3000,2,1,0,0,2,2023050315
92870663,3000,2,1,0,0,2,2023023757
92870670,3000,2,1,0,0,2,2023007724
92870758,3000,1,1,0,1,0,2023076460
92870766,3000,2,1,0,0,2,2023051005
92870821,3000,3,1,0,0,3,2023086861
92870846,3000,3,1,0,0,3,2023066323
92870875,3000,2,1,0,0,2,2023012137
92870952,3000,2,1,0,0,2,2023061994
92870974,3000,2,1,0,0,2,2023050773
92871045,3000,2,1,0,0,2,2023076894
92871052,3000,2,1,0,0,2,2023050607
92871079,3000,2,1,0,2,0,2023002897
92871151,3000,2,1,0,2,0,2023071314
92871171,3000,2,1,0,0,2,2023027774
92871182,3000,4,1,0,0,4,2023084763
92871252,3000,4,1,0,4,0,2023070517
92871280,3000,2,1,0,0,2,2023036152
92871401,3000,2,1,0,0,2,2023041692
92871424,3000,2,1,0,0,2,2023083080
92871458,3000,2,1,0,0,2,2023058549
92871462,3000,2,1,0,0,2,2023040893
92871586,3000,2,1,0,0,2,2023006946
92872000,3000,2,1,0,0,2,2023084032
92872007,3000,3,1,0,0,3,2023081502
92872049,3000,3,1,0,0,3,2023047895
92872233,3000,5,1,0,5,0,2023074439
92872329,3000,5,1,0,0,5,2023059659
92872348,3000,5,1,0,0,5,2023098653
92872477,3000,2,1,0,2,0,2023079827
92872736,3000,2,1,0,0,2,2023030330
92872779,3000,1,1,0,0,1,2023025760
92872780,3000,2,1,0,0,2,2023089395
92872784,3000,2,1,0,0,2,2023050838
92872786,3000,2,1,0,2,0,2023042807
92872787,3000,3,1,0,0,3,2023004776
92872792,3000,2,1,0,0,2,2023075094
92872795,3000,2,1,0,0,2,2023008803
92872798,3000,2,1,0,0,2,2023088767
92872805,3000,2,1,0,0,2,2023002391
97710303,8600,4,1,0,0,4,2023060622
97710478,8600,2,1,0,2,0,2023000970
97710578,8600,2,1,0,0,2,2023046143
98340042,9000,2,1,0,0,2,2023043681
98340053,9000,2,1,0,0,2,2023016396
98340097,9000,2,1,0,0,2,2023053960
98340153,9000,2,1,0,0,2,2023008171
98340219,9000,3,1,0,0,3,2023055691
98340277,9000,3,1,3,0,0,2023083437
98340593,9000,2,1,0,0,2,2023054730
98340686,9000,2,1,0,0,2,2023092444
98340723,9000,2,1,0,0,2,2023067764
98340741,9000,4,1,0,0,4,2023022939
98340746,9000,2,1,0,0,2,2023099686
98340774,9000,4,1,0,0,4,2023027691
98340901,9000,2,1,0,2,0,2023029732
99970078,7900,2,1,0,0,2,2023049327
99970104,7900,2,1,0,0,2,2023086891
99970119,7900,3,1,0,0,3,2023037863
99970141,7900,2,1,0,2,0,2023022135
99970283,7900,2,1,0,0,2,2023082699
99970319,7900,2,1,0,0,2,2023011555
99970345,7900,4,1,0,0,4,2023098171
99970349,7900,2,1,0,0,2,2023043893
99970381,7900,2,1,0,0,2,2023015222
99970417,7900,2,1,0,0,2,2023078347
99970465,7900,2,1,0,0,2,2023092010
99970516,7900,2,1,0,0,2,2023097084
99970551,7900,2,1,0,0,2,2023016268
99970575,7900,2,1,0,0,2,2023065240
99970698,7900,1,1,1,0,0,2023053779
99970731,7900,2,1,0,0,2,2023023362
99970737,7900,2,1,0,2,0,2023067458
99999999,634,5,1,5,0,0,2023056738
