ZOMET_IRONI,SEMEL_YISHUV,total_rows,total_accidents,fatal_accidents,severe_accidents,light_accidents,PK_TEUNA_FIKT,risk_score,CITY_NAME_EN
26490545,3000,26,10,0,2,24,"2023003643, 2023042750, 2023056152, 2023062828, 2023068063, 2023071221, 2023076289, 2023079269, 2023089177, 2023095678",32,JERUSALEM
28040411,3000,23,8,0,3,20,"2023000395, 2023015664, 2023027542, 2023032706, 2023050996, 2023051409, 2023065871, 2023070230",30,JERUSALEM
7860004,6500,21,7,0,5,16,"2023013766, 2023014185, 2023022786, 2023023373, 2023071584, 2023071811, 2023076420",30,HADERA
7920011,70,22,7,0,0,22,"2023002252, 2023002674, 2023046094, 2023076380, 2023087295, 2023090725, 2023094769",26,ASHDOD
8000033,6200,15,7,0,6,9,"2023034529, 2023034971, 2023051126, 2023051623, 2023053069, 2023067985, 2023095609",23,BAT YAM
67630011,6100,21,7,0,2,19,"2023011809, 2023021808, 2023045692, 2023057995, 2023067544, 2023076235, 2023091539",27,BENE BERAQ
60007,6500,13,6,0,2,11,"2023024184, 2023034514, 2023035414, 2023055823, 2023089739, 2023097626",17,HADERA
8670001,70,19,6,0,8,11,"2023005243, 2023052504, 2023057953, 2023066056, 2023095853, 2023098318",31,ASHDOD
9130033,7400,15,6,0,0,15,"2023014252, 2023033954, 2023062677, 2023062716, 2023071769, 2023087394",17,NETANYA
9930002,7100,18,6,0,0,18,"2023006775, 2023028317, 2023053093, 2023063819, 2023079326, 2023098458",22,ASHQELON
9970053,7400,15,6,0,0,15,"2023017022, 2023052800, 2023072421, 2023073466, 2023092910, 2023095806",17,NETANYA
10050111,8600,13,6,0,8,5,"2023020865, 2023051182, 2023054197, 2023064893, 2023067771, 2023093606",21,RAMAT GAN
10590092,7400,12,6,0,0,12,"2023014591, 2023034335, 2023045547, 2023051149, 2023056772, 2023086997",14,NETANYA
11340041,9000,18,6,0,10,8,"2023011630, 2023056822, 2023066035, 2023085569, 2023098484, 2023099268",32,BE'ER SHEVA
11770121,7900,14,6,0,2,12,"2023022443, 2023022892, 2023031152, 2023052581, 2023070218, 2023081473",18,PETAH TIQWA
13220012,6800,16,6,0,0,16,"2023020008, 2023041650, 2023055762, 2023059806, 2023075031, 2023097951",20,QIRYAT ATTA
92871279,3000,14,6,0,3,11,"2023029464, 2023034142, 2023034598, 2023041155, 2023074646, 2023095520",19,JERUSALEM
50001,9600,11,5,0,2,9,"2023034301, 2023038971, 2023079880, 2023087958, 2023090617",15,QIRYAT YAM
110522,3000,11,5,0,2,9,"2023062528, 2023072752, 2023077739, 2023079428, 2023093898",15,JERUSALEM
510533,3000,12,5,0,2,10,"2023018474, 2023034455, 2023035015, 2023040683, 2023047398",16,JERUSALEM
7730223,4000,11,5,0,5,6,"2023004461, 2023027887, 2023051271, 2023078085, 2023098390",18,HAIFA
8920433,5000,12,5,0,0,12,"2023035673, 2023044079, 2023054900, 2023056231, 2023088854",14,TEL AVIV - YAFO
9020052,70,11,5,0,0,11,"2023004781, 2023052424, 2023058354, 2023070987, 2023095923",13,ASHDOD
9400021,9000,15,5,0,0,15,"2023008388, 2023045988, 2023081772, 2023082423, 2023089997",17,BE'ER SHEVA
10050006,8700,13,5,0,0,13,"2023023330, 2023024654, 2023057885, 2023062384, 2023083459",15,RA'ANANA
10140055,6600,10,5,0,2,8,"2023011321, 2023035178, 2023040300, 2023061645, 2023067401",14,HOLON
11400522,9000,13,5,0,7,6,"2023015859, 2023028558, 2023045927, 2023053072, 2023055246",22,BE'ER SHEVA
11670122,4000,15,5,0,8,7,"2023002716, 2023026275, 2023059267, 2023074882, 2023076554",25,HAIFA
11770521,3000,10,5,0,0,10,"2023003813, 2023010854, 2023026679, 2023030467, 2023063091",12,JERUSALEM
12240121,4000,14,5,0,0,14,"2023010786, 2023030894, 2023039240, 2023055585, 2023063223",16,HAIFA
12350008,9600,15,5,0,0,15,"2023045211, 2023055210, 2023071522, 2023073866, 2023096927",17,QIRYAT YAM
12950556,5000,13,5,2,0,11,"2023036175, 2023046610, 2023061944, 2023068001, 2023098162",19,TEL AVIV - YAFO
15680110,9600,13,5,0,0,13,"2023002923, 2023032635, 2023063873, 2023071984, 2023095020",15,QIRYAT YAM
15760734,5000,10,5,0,0,10,"2023017192, 2023047006, 2023087316, 2023088345, 2023089291",12,TEL AVIV - YAFO
17100011,7900,12,5,0,0,12,"2023004925, 2023006577, 2023017698, 2023057783, 2023094449",14,PETAH TIQWA
20420735,5000,11,5,0,3,8,"2023000877, 2023004850, 2023009211, 2023077558, 2023082988",16,TEL AVIV - YAFO
20700111,5000,11,5,0,5,6,"2023001758, 2023018795, 2023039773, 2023043374, 2023049035",18,TEL AVIV - YAFO
25610543,3000,12,5,0,0,12,"2023002845, 2023036065, 2023085630, 2023091931, 2023093814",14,JERUSALEM
10528,4000,8,4,0,0,8,"2023040399, 2023042679, 2023058386, 2023072908",10,HAIFA
600006,9100,11,4,0,0,11,"2023015805, 2023047207, 2023068027, 2023095249",13,NAHARIYYA
7860001,9600,8,4,2,2,4,"2023022421, 2023076588, 2023082108, 2023084082",14,QIRYAT YAM
7880004,7600,10,4,4,2,4,"2023010080, 2023018021, 2023066387, 2023088186",20,AKKO
7910013,70,12,4,0,0,12,"2023029626, 2023038156, 2023070142, 2023094351",14,ASHDOD
7910041,9000,10,4,2,0,8,"2023004387, 2023034371, 2023078419, 2023082039",16,BE'ER SHEVA
8090006,6700,11,4,0,4,7,"2023007944, 2023013319, 2023024670, 2023099731",17,TIBERIAS
8230008,7100,9,4,0,0,9,"2023013113, 2023071808, 2023087384, 2023095607",11,ASHQELON
8610011,70,8,4,0,4,4,"2023004327, 2023004955, 2023005166, 2023022896",12,ASHDOD
8640022,9000,10,4,0,0,10,"2023011785, 2023026256, 2023053005, 2023066508",12,BE'ER SHEVA
8640112,3000,9,4,0,0,9,"2023016382, 2023035251, 2023066777, 2023094059",11,JERUSALEM
8900001,70,9,4,0,0,9,"2023031392, 2023063867, 2023079052, 2023092465",11,ASHDOD
9980413,5000,10,4,0,0,10,"2023028075, 2023073795, 2023094790, 2023095057",12,TEL AVIV - YAFO
10090313,7400,8,4,0,2,6,"2023009150, 2023043069, 2023091461, 2023095080",12,NETANYA
10800341,7100,9,4,0,0,9,"2023022817, 2023024796, 2023024988, 2023037363",11,ASHQELON
10800344,7100,8,4,0,0,8,"2023029414, 2023046159, 2023070419, 2023095208",10,ASHQELON
12670532,3000,12,4,0,0,12,"2023038648, 2023072691, 2023089319, 2023091870",14,JERUSALEM
12970556,5000,8,4,0,2,6,"2023018434, 2023047764, 2023048699, 2023096260",12,TEL AVIV - YAFO
14900823,5000,10,4,2,0,8,"2023022130, 2023057509, 2023060090, 2023076403",16,TEL AVIV - YAFO
15140002,2500,11,4,0,0,11,"2023023116, 2023050557, 2023065712, 2023082083",13,NESHER
16170164,3000,9,4,0,0,9,"2023012131, 2023023252, 2023038100, 2023060841",11,JERUSALEM
16460323,4000,12,4,0,2,10,"2023011082, 2023030422, 2023045291, 2023082787",16,HAIFA
23760725,3000,8,4,0,2,6,"2023002552, 2023034550, 2023047380, 2023084254",12,JERUSALEM
23880254,3000,8,4,0,2,6,"2023007595, 2023028413, 2023060978, 2023080944",12,JERUSALEM
24530725,3000,18,4,0,2,16,"2023004906, 2023013218, 2023021059, 2023065316",24,JERUSALEM
24640211,3000,12,4,0,2,10,"2023008245, 2023054614, 2023067980, 2023071020",16,JERUSALEM
24770842,3000,11,4,0,0,11,"2023005041, 2023032699, 2023038343, 2023042507",13,JERUSALEM
24840714,3000,9,4,0,3,6,"2023004810, 2023019110, 2023035744, 2023047499",14,JERUSALEM
25030124,3000,24,4,0,0,24,"2023042467, 2023048078, 2023065328, 2023078433",28,JERUSALEM
26620214,3000,9,4,0,2,7,"2023001714, 2023015765, 2023093635, 2023096323",13,JERUSALEM
92870668,3000,11,4,0,0,11,"2023043846, 2023064474, 2023073453, 2023098901",13,JERUSALEM
92872248,3000,9,4,0,0,9,"2023018178, 2023046604, 2023048741, 2023061119",11,JERUSALEM
92872580,3000,11,4,0,0,11,"2023035121, 2023040098, 2023055361, 2023084090",13,JERUSALEM
30041,7900,6,3,0,2,4,"2023014277, 2023046578, 2023048721",8,PETAH TIQWA
30111,4000,7,3,0,0,7,"2023015380, 2023054972, 2023056499",9,HAIFA
80525,4000,11,3,0,0,11,"2023002403, 2023008102, 2023093875",13,HAIFA
90123,3000,6,3,0,0,6,"2023018594, 2023076596, 2023095269",8,JERUSALEM
100146,3000,7,3,0,0,7,"2023005053, 2023061763, 2023096852",9,JERUSALEM
120001,1200,7,3,0,3,4,"2023027854, 2023076861, 2023093924",10,MODI'IN-MAKKABBIM-RE
150117,8600,6,3,0,2,4,"2023012667, 2023013501, 2023016428",8,RAMAT GAN
180022,9000,7,3,0,0,7,"2023033690, 2023066801, 2023073335",9,BE'ER SHEVA
200032,6200,9,3,0,0,9,"2023070589, 2023078359, 2023089296",11,BAT YAM
250007,6500,11,3,0,0,11,"2023018119, 2023066798, 2023097478",13,HADERA
290211,4000,10,3,0,5,5,"2023040852, 2023050409, 2023072589",15,HAIFA
340744,5000,7,3,0,2,5,"2023005016, 2023014502, 2023077412",9,TEL AVIV - YAFO
350022,9000,6,3,0,0,6,"2023013228, 2023043953, 2023072520",8,BE'ER SHEVA
360003,7100,7,3,0,0,7,"2023040857, 2023052230, 2023077776",9,ASHQELON
430053,166,7,3,0,2,5,"2023002093, 2023031487, 2023066352",9,GAN YAVNE
7460001,2600,7,3,0,0,7,"2023027658, 2023044195, 2023083843",9,ELAT
7630325,5000,7,3,0,2,5,"2023031995, 2023034298, 2023036060",9,TEL AVIV - YAFO
7770031,6200,9,3,0,0,9,"2023004689, 2023011960, 2023048486",11,BAT YAM
7810005,6900,8,3,0,0,8,"2023021187, 2023053778, 2023090005",10,KEFAR SAVA
7930014,6100,6,3,0,4,2,"2023000440, 2023074027, 2023098936",10,BENE BERAQ
7970012,7400,10,3,0,0,10,"2023000407, 2023063182, 2023085586",12,NETANYA
8010033,6200,7,3,0,2,5,"2023009811, 2023039569, 2023056847",9,BAT YAM
8070011,70,10,3,0,3,7,"2023001000, 2023009824, 2023029331",15,ASHDOD
8100002,7600,7,3,0,2,5,"2023015756, 2023069923, 2023076021",9,AKKO
8270053,6600,6,3,0,0,6,"2023026247, 2023047852, 2023080675",8,HOLON
8300054,70,7,3,2,3,2,"2023036645, 2023047158, 2023067742",14,ASHDOD
8310713,3000,7,3,0,0,7,"2023051569, 2023066773, 2023068010",9,JERUSALEM
8410022,9000,9,3,0,2,7,"2023021618, 2023034437, 2023057971",13,BE'ER SHEVA
8640009,7100,8,3,0,0,8,"2023049560, 2023077518, 2023090096",10,ASHQELON
8640021,7400,7,3,0,0,7,"2023004523, 2023056576, 2023096617",9,NETANYA
8650723,3000,6,3,0,0,6,"2023026539, 2023045745, 2023060880",8,JERUSALEM
8660004,7100,7,3,0,0,7,"2023007401, 2023043595, 2023089574",9,ASHQELON
8740056,6600,8,3,0,0,8,"2023021812, 2023022717, 2023072517",10,HOLON
8740345,5000,5,3,0,1,4,"2023018192, 2023048624, 2023068171",6,TEL AVIV - YAFO
8800002,6900,8,3,0,0,8,"2023048241, 2023049873, 2023099535",10,KEFAR SAVA
8940031,6200,7,3,3,2,2,"2023001197, 2023041463, 2023092402",15,BAT YAM
8940032,7900,6,3,0,2,4,"2023014127, 2023026488, 2023076192",8,PETAH TIQWA
9030425,4000,11,3,0,7,4,"2023022678, 2023034763, 2023077711",18,HAIFA
9080121,3000,6,3,0,2,4,"2023004285, 2023073750, 2023075067",8,JERUSALEM
9180006,8400,7,3,0,0,7,"2023035935, 2023048242, 2023095165",9,REHOVOT
9400316,5000,7,3,0,0,7,"2023009903, 2023032835, 2023047887",9,TEL AVIV - YAFO
9410014,7900,8,3,0,0,8,"2023045030, 2023065768, 2023076155",10,PETAH TIQWA
9450421,5000,5,3,0,4,1,"2023021666, 2023071458, 2023081929",9,TEL AVIV - YAFO
9750041,70,7,3,0,0,7,"2023020259, 2023021703, 2023078024",9,ASHDOD
9770007,70,7,3,0,2,5,"2023041176, 2023083556, 2023089113",9,ASHDOD
9800033,7400,12,3,0,0,12,"2023016925, 2023018085, 2023073112",14,NETANYA
9830062,7900,6,3,0,0,6,"2023017560, 2023076315, 2023080377",8,PETAH TIQWA
9900314,7400,5,3,0,0,5,"2023018554, 2023038777, 2023088506",5,NETANYA
9950313,7400,8,3,0,2,6,"2023027834, 2023030151, 2023050236",12,NETANYA
10440093,7600,6,3,0,0,6,"2023008308, 2023017789, 2023087771",8,AKKO
10490001,7400,8,3,0,0,8,"2023013573, 2023091707, 2023098349",10,NETANYA
10590359,7400,5,3,0,0,5,"2023015005, 2023059103, 2023059974",5,NETANYA
10660022,9000,9,3,0,0,9,"2023019408, 2023024633, 2023070978",11,BE'ER SHEVA
10880056,6600,6,3,0,4,2,"2023008237, 2023025356, 2023067719",10,HOLON
10910146,3000,6,3,0,4,2,"2023001811, 2023020834, 2023037645",10,JERUSALEM
11130132,3000,8,3,0,5,3,"2023039779, 2023054325, 2023089522",13,JERUSALEM
11840612,5000,6,3,0,2,4,"2023023578, 2023075901, 2023082091",8,TEL AVIV - YAFO
11900153,3000,6,3,0,0,6,"2023010265, 2023042977, 2023058544",8,JERUSALEM
12640532,3000,6,3,0,4,2,"2023083174, 2023091542, 2023097557",10,JERUSALEM
12650532,3000,10,3,0,0,10,"2023037880, 2023039012, 2023047410",12,JERUSALEM
13030557,5000,6,3,0,2,4,"2023024567, 2023061638, 2023071427",8,TEL AVIV - YAFO
13530713,5000,7,3,0,4,3,"2023010465, 2023011304, 2023052471",11,TEL AVIV - YAFO
14290714,5000,6,3,0,0,6,"2023018338, 2023057029, 2023080600",8,TEL AVIV - YAFO
14350714,5000,7,3,0,0,7,"2023000895, 2023046977, 2023058132",9,TEL AVIV - YAFO
14710412,4000,6,3,0,0,6,"2023018171, 2023030516, 2023078318",8,HAIFA
15250925,5000,6,3,0,0,6,"2023057829, 2023062169, 2023088914",8,TEL AVIV - YAFO
15550001,2500,10,3,0,0,10,"2023055760, 2023064554, 2023071796",12,NESHER
16810122,5000,6,3,0,1,5,"2023029760, 2023034375, 2023049235",7,TEL AVIV - YAFO
17130001,7900,10,3,0,0,10,"2023006159, 2023025944, 2023048629",12,PETAH TIQWA
17490223,4000,10,3,0,0,10,"2023009357, 2023066703, 2023084265",12,HAIFA
17600551,5000,7,3,0,3,4,"2023007133, 2023047996, 2023062434",10,TEL AVIV - YAFO
17730555,5000,7,3,2,0,5,"2023042287, 2023058369, 2023094413",11,TEL AVIV - YAFO
17850921,5000,7,3,0,0,7,"2023010260, 2023012880, 2023096284",9,TEL AVIV - YAFO
17850952,4000,7,3,0,0,7,"2023040990, 2023061844, 2023069839",9,HAIFA
18380665,4000,15,3,0,0,15,"2023019736, 2023079792, 2023082112",17,HAIFA
20390895,8300,6,3,0,2,4,"2023036785, 2023049031, 2023058840",8,RISHON LEZIYYON
21200744,5000,6,3,0,0,6,"2023009913, 2023049561, 2023054719",8,TEL AVIV - YAFO
21800004,9700,6,3,0,0,6,"2023045599, 2023061783, 2023065251",8,HOD HASHARON
22260002,9700,6,3,0,0,6,"2023053805, 2023069281, 2023072842",8,HOD HASHARON
23750724,3000,10,3,0,2,8,"2023012478, 2023033410, 2023073988",14,JERUSALEM
23780714,3000,12,3,0,0,12,"2023040066, 2023054867, 2023091313",14,JERUSALEM
24170112,5000,11,3,0,0,11,"2023028853, 2023031949, 2023071839",13,TEL AVIV - YAFO
24260723,3000,6,3,0,0,6,"2023040699, 2023053289, 2023067744",8,JERUSALEM
24540111,3000,7,3,0,0,7,"2023015149, 2023067087, 2023087355",9,JERUSALEM
26510545,3000,8,3,0,0,8,"2023016646, 2023083660, 2023085952",10,JERUSALEM
26560251,3000,7,3,0,0,7,"2023037332, 2023040108, 2023077423",9,JERUSALEM
26630735,3000,7,3,0,0,7,"2023078807, 2023079368, 2023089449",9,JERUSALEM
26640236,3000,10,3,0,0,10,"2023020986, 2023037611, 2023043296",12,JERUSALEM
29870001,3000,7,3,0,0,7,"2023029537, 2023042816, 2023062693",9,JERUSALEM
60350943,5000,7,3,3,0,4,"2023004574, 2023027734, 2023076337",13,TEL AVIV - YAFO
67560112,8600,6,3,0,2,4,"2023006491, 2023036353, 2023065825",8,RAMAT GAN
67620111,8600,8,3,0,0,8,"2023036489, 2023050442, 2023056832",10,RAMAT GAN
80230079,6200,5,3,0,3,2,"2023005620, 2023009011, 2023088903",8,BAT YAM
92870656,3000,10,3,0,0,10,"2023039412, 2023069296, 2023087676",12,JERUSALEM
92870789,3000,7,3,0,0,7,"2023023120, 2023039615, 2023085758",9,JERUSALEM
92870888,3000,7,3,0,0,7,"2023000208, 2023086901, 2023099887",9,JERUSALEM
92871276,3000,7,3,0,2,5,"2023028470, 2023071670, 2023075788",9,JERUSALEM
92871389,3000,7,3,0,3,4,"2023008973, 2023033777, 2023098608",10,JERUSALEM
92871461,3000,9,3,0,3,6,"2023035120, 2023047910, 2023058560",14,JERUSALEM
92871986,3000,6,3,0,2,4,"2023048079, 2023082503, 2023099521",8,JERUSALEM
99970314,7900,6,3,2,0,4,"2023071291, 2023080522, 2023083612",10,PETAH TIQWA
99970512,7900,9,3,0,0,9,"2023006043, 2023016355, 2023096988",11,PETAH TIQWA
15,2720,8,2,0,2,6,"2023008528, 2023021490",12,TIRE
10001,70,5,2,0,0,5,"2023026364, 2023058455",5,ASHDOD
10001,2660,3,2,0,3,0,"2023007949, 2023084826",6,YAVNE
10003,1034,5,2,0,0,5,"2023009945, 2023091173",5,QIRYAT MAL'AKHI
20912,5000,4,2,0,0,4,"2023037911, 2023044943",4,TEL AVIV - YAFO
30008,70,5,2,0,0,5,"2023080302, 2023086810",5,ASHDOD
30053,7400,4,2,0,0,4,"2023037099, 2023098413",4,NETANYA
30131,4000,7,2,0,0,7,"2023017264, 2023025145",9,HAIFA
30554,5000,4,2,0,0,4,"2023026812, 2023078596",4,TEL AVIV - YAFO
40041,7900,4,2,0,0,4,"2023015609, 2023085390",4,PETAH TIQWA
40815,5000,4,2,0,2,2,"2023047575, 2023087615",6,TEL AVIV - YAFO
50525,4000,4,2,0,0,4,"2023035392, 2023038796",4,HAIFA
50554,5000,4,2,0,2,2,"2023046234, 2023053284",6,TEL AVIV - YAFO
60537,3000,5,2,0,0,5,"2023022201, 2023094424",5,JERUSALEM
70001,166,4,2,0,2,2,"2023069080, 2023099327",6,GAN YAVNE
70064,7900,4,2,0,0,4,"2023019726, 2023069645",4,PETAH TIQWA
70214,3000,4,2,0,0,4,"2023030576, 2023082922",4,JERUSALEM
80001,9300,4,2,0,0,4,"2023006517, 2023054552",4,ZIKHRON YA'AQOV
100002,7800,8,2,0,0,8,"2023076391, 2023096553",10,PARDES HANNA-KARKUR
100011,7400,4,2,0,0,4,"2023080858, 2023093177",4,NETANYA
110041,7400,4,2,0,2,2,"2023012042, 2023038408",6,NETANYA
120011,6100,5,2,0,0,5,"2023045021, 2023052397",5,BENE BERAQ
130003,2630,8,2,0,0,8,"2023045144, 2023070314",10,QIRYAT GAT
130223,4000,4,2,0,0,4,"2023008405, 2023064710",4,HAIFA
140022,9000,8,2,0,0,8,"2023007275, 2023034344",10,BE'ER SHEVA
140211,3000,4,2,0,0,4,"2023013850, 2023096200",4,JERUSALEM
150001,1015,4,2,0,0,4,"2023039072, 2023099358",4,MEVASSERET ZIYYON
150021,9000,6,2,0,0,6,"2023008965, 2023032368",8,BE'ER SHEVA
150031,7400,5,2,0,0,5,"2023001986, 2023033717",5,NETANYA
150522,3000,4,2,0,0,4,"2023014468, 2023075479",4,JERUSALEM
160041,7900,4,2,0,0,4,"2023009531, 2023050658",4,PETAH TIQWA
160053,7400,7,2,0,0,7,"2023066201, 2023093692",9,NETANYA
170001,2600,4,2,0,0,4,"2023085543, 2023088572",4,ELAT
170007,6500,4,2,0,0,4,"2023008852, 2023040018",4,HADERA
190011,6600,3,2,0,1,2,"2023053151, 2023054465",4,HOLON
210007,6500,7,2,0,0,7,"2023004267, 2023084676",9,HADERA
210053,7400,4,2,0,2,2,"2023044763, 2023088453",6,NETANYA
230003,70,4,2,0,2,2,"2023016331, 2023035427",6,ASHDOD
230624,5000,7,2,0,0,7,"2023052662, 2023085069",9,TEL AVIV - YAFO
250001,1200,6,2,0,3,3,"2023024191, 2023076791",9,MODI'IN-MAKKABBIM-RE
250224,4000,4,2,0,2,2,"2023050230, 2023068442",6,HAIFA
250623,4000,4,2,0,2,2,"2023053060, 2023062381",6,HAIFA
280004,7800,10,2,0,0,10,"2023038372, 2023079625",12,PARDES HANNA-KARKUR
290004,8400,6,2,0,0,6,"2023000517, 2023058988",8,REHOVOT
300112,4000,6,2,0,2,4,"2023069266, 2023085713",8,HAIFA
310006,9100,4,2,0,0,4,"2023013832, 2023059746",4,NAHARIYYA
310117,8600,4,2,0,0,4,"2023076719, 2023080159",4,RAMAT GAN
330514,3000,4,2,0,0,4,"2023013732, 2023047963",4,JERUSALEM
360001,1015,4,2,0,0,4,"2023032533, 2023039838",4,MEVASSERET ZIYYON
390003,1139,4,2,0,2,2,"2023009201, 2023081031",6,KARMI'EL
390005,6800,4,2,0,0,4,"2023006325, 2023058145",4,QIRYAT ATTA
400001,2640,4,2,0,0,4,"2023057505, 2023084102",4,ROSH HAAYIN
400002,7700,3,2,0,0,3,"2023049686, 2023060386",3,AFULA
470131,4000,4,2,0,0,4,"2023029529, 2023029851",4,HAIFA
530005,7800,4,2,0,0,4,"2023015098, 2023068918",4,PARDES HANNA-KARKUR
690042,7400,6,2,0,0,6,"2023022864, 2023041325",8,NETANYA
820007,6400,4,2,0,0,4,"2023004831, 2023037114",4,HERZELIYYA
1020008,6900,4,2,0,2,2,"2023067812, 2023081550",6,KEFAR SAVA
1180021,9000,5,2,0,0,5,"2023020906, 2023046081",5,BE'ER SHEVA
1440002,7100,5,2,0,0,5,"2023070629, 2023090304",5,ASHQELON
1590002,7100,4,2,0,0,4,"2023020452, 2023039334",4,ASHQELON
1600002,7100,4,2,0,0,4,"2023039634, 2023080312",4,ASHQELON
7070002,1061,3,2,0,0,3,"2023026080, 2023051293",3,NOF HAGALIL
7090000,6600,3,2,0,0,3,"2023030815, 2023092635",3,HOLON
7232440,3000,3,2,0,0,3,"2023028261, 2023096928",3,JERUSALEM
7290007,6900,8,2,0,5,3,"2023014210, 2023074125",13,KEFAR SAVA
7300004,2630,8,2,0,6,2,"2023034667, 2023068292",14,QIRYAT GAT
7300023,8300,4,2,0,2,2,"2023084536, 2023095414",6,RISHON LEZIYYON
7350007,6900,5,2,0,0,5,"2023018555, 2023022588",5,KEFAR SAVA
7390002,2600,5,2,0,0,5,"2023009608, 2023098352",5,ELAT
7400007,6900,4,2,0,0,4,"2023067620, 2023088249",4,KEFAR SAVA
7420001,2800,5,2,0,0,5,"2023009569, 2023037068",5,QIRYAT SHEMONA
7420002,7200,7,2,0,0,7,"2023001444, 2023034672",9,NES ZIYYONA
7440003,2200,5,2,0,0,5,"2023017259, 2023072408",5,DIMONA
7500001,7200,5,2,0,0,5,"2023008431, 2023089786",5,NES ZIYYONA
7540002,70,5,2,0,0,5,"2023057535, 2023059656",5,ASHDOD
7620002,6700,5,2,0,0,5,"2023023457, 2023030219",5,TIBERIAS
7630003,70,4,2,0,0,4,"2023026821, 2023052647",4,ASHDOD
7680002,2610,5,2,0,0,5,"2023057740, 2023094161",5,BET SHEMESH
7690023,6200,5,2,0,0,5,"2023014328, 2023027332",5,BAT YAM
7730005,2620,6,2,0,6,0,"2023008001, 2023085151",12,QIRYAT ONO
7730227,8600,4,2,0,0,4,"2023068110, 2023081339",4,RAMAT GAN
7750006,70,4,2,0,0,4,"2023012860, 2023033785",4,ASHDOD
7760007,70,3,2,1,0,2,"2023034809, 2023097664",5,ASHDOD
7790007,6500,4,2,0,0,4,"2023012094, 2023080579",4,HADERA
7820003,7100,4,2,0,0,4,"2023035670, 2023046944",4,ASHQELON
7890032,6200,5,2,0,0,5,"2023004958, 2023018006",5,BAT YAM
7900006,7100,7,2,0,0,7,"2023005386, 2023028430",9,ASHQELON
7900013,70,4,2,0,2,2,"2023019273, 2023032920",6,ASHDOD
7910002,7800,4,2,0,0,4,"2023025301, 2023093551",4,PARDES HANNA-KARKUR
7910004,6800,3,2,0,0,3,"2023005779, 2023061317",3,QIRYAT ATTA
7920003,6300,5,2,0,0,5,"2023088478, 2023093009",5,GIV'ATAYIM
7930002,2600,5,2,0,0,5,"2023008993, 2023023413",5,ELAT
7930011,70,7,2,0,5,2,"2023013834, 2023055656",12,ASHDOD
7950012,7400,4,2,0,0,4,"2023001833, 2023056362",4,NETANYA
7960002,7100,4,2,0,0,4,"2023062763, 2023082619",4,ASHQELON
7960002,8700,4,2,0,0,4,"2023050801, 2023093560",4,RA'ANANA
7960003,9700,4,2,0,2,2,"2023080965, 2023093019",6,HOD HASHARON
7970003,8500,4,2,0,0,4,"2023003571, 2023068155",4,RAMLA
7990002,7100,5,2,0,0,5,"2023000788, 2023052072",5,ASHQELON
7990042,6600,4,2,0,2,2,"2023006857, 2023030736",6,HOLON
8060011,70,5,2,0,0,5,"2023022674, 2023054099",5,ASHDOD
8130002,6800,5,2,0,2,3,"2023006128, 2023095471",7,QIRYAT ATTA
8180061,6200,5,2,0,0,5,"2023021511, 2023078068",5,BAT YAM
8210041,6200,4,2,0,2,2,"2023020545, 2023091223",6,BAT YAM
8220008,7100,15,2,0,15,0,"2023031480, 2023085832",30,ASHQELON
8220052,6600,4,2,0,0,4,"2023087046, 2023098434",4,HOLON
8270012,6100,4,2,0,2,2,"2023037668, 2023043421",6,BENE BERAQ
8370004,2600,6,2,0,0,6,"2023002924, 2023052382",8,ELAT
8370023,9000,4,2,0,2,2,"2023056188, 2023069971",6,BE'ER SHEVA
8380023,7400,4,2,0,0,4,"2023060634, 2023072010",4,NETANYA
8380023,9000,4,2,0,0,4,"2023055541, 2023082793",4,BE'ER SHEVA
8420525,4000,5,2,0,0,5,"2023038559, 2023058222",5,HAIFA
8440021,9000,7,2,0,4,3,"2023082572, 2023090685",11,BE'ER SHEVA
8450006,7100,4,2,0,0,4,"2023077294, 2023081227",4,ASHQELON
8460041,70,4,2,0,2,2,"2023014679, 2023045902",6,ASHDOD
8490012,6200,4,2,0,0,4,"2023068297, 2023098196",4,BAT YAM
8550021,8300,8,2,0,4,4,"2023012703, 2023022400",12,RISHON LEZIYYON
8580344,5000,4,2,0,0,4,"2023030634, 2023063663",4,TEL AVIV - YAFO
8590062,2630,4,2,0,0,4,"2023048080, 2023059651",4,QIRYAT GAT
8670005,8400,4,2,0,0,4,"2023011731, 2023073603",4,REHOVOT
8730022,6100,4,2,0,0,4,"2023031292, 2023050223",4,BENE BERAQ
8730052,70,4,2,0,0,4,"2023000076, 2023052089",4,ASHDOD
8760003,7800,5,2,0,0,5,"2023065853, 2023083138",5,PARDES HANNA-KARKUR
8770021,7100,4,2,0,0,4,"2023033306, 2023095997",4,ASHQELON
8780021,7100,8,2,0,0,8,"2023017278, 2023038830",10,ASHQELON
8820071,70,4,2,0,0,4,"2023003287, 2023064909",4,ASHDOD
8820421,4000,5,2,0,0,5,"2023043426, 2023093990",5,HAIFA
8830033,7900,4,2,0,2,2,"2023046807, 2023098036",6,PETAH TIQWA
8890111,3000,5,2,2,0,3,"2023003703, 2023058189",9,JERUSALEM
8930061,6200,4,2,0,2,2,"2023005104, 2023075767",6,BAT YAM
8970035,7400,4,2,0,0,4,"2023008545, 2023050873",4,NETANYA
8980009,6300,7,2,0,3,4,"2023024495, 2023029867",10,GIV'ATAYIM
9000422,4000,5,2,0,2,3,"2023053035, 2023087979",7,HAIFA
9020032,7900,6,2,0,0,6,"2023036367, 2023055222",8,PETAH TIQWA
9040011,6600,7,2,0,3,4,"2023078813, 2023092836",10,HOLON
9170022,6600,6,2,0,0,6,"2023008123, 2023064288",8,HOLON
9190004,8300,5,2,0,3,2,"2023032143, 2023032352",8,RISHON LEZIYYON
9200073,70,5,2,0,0,5,"2023041402, 2023069136",5,ASHDOD
9210001,70,4,2,0,2,2,"2023068719, 2023075173",6,ASHDOD
9250054,70,5,2,0,2,3,"2023030598, 2023073689",7,ASHDOD
9290009,6500,4,2,0,4,0,"2023026023, 2023082556",8,HADERA
9300021,7900,5,2,0,2,3,"2023011004, 2023081216",7,PETAH TIQWA
9390014,7900,5,2,0,0,5,"2023020177, 2023087969",5,PETAH TIQWA
9430312,70,5,2,0,0,5,"2023053686, 2023075079",5,ASHDOD
9470321,70,4,2,2,0,2,"2023028043, 2023033432",8,ASHDOD
9490041,7900,6,2,0,0,6,"2023012534, 2023065010",8,PETAH TIQWA
9500175,3000,4,2,0,2,2,"2023020033, 2023023991",6,JERUSALEM
9510004,6500,4,2,0,0,4,"2023017511, 2023057391",4,HADERA
9570115,8600,6,2,0,0,6,"2023059451, 2023082340",8,RAMAT GAN
9580331,70,5,2,0,0,5,"2023059509, 2023075199",5,ASHDOD
9600014,6500,5,2,0,0,5,"2023011230, 2023096908",5,HADERA
9720005,70,5,2,0,3,2,"2023021741, 2023025735",8,ASHDOD
9800132,6500,5,2,0,0,5,"2023003580, 2023020903",5,HADERA
9800555,6500,7,2,0,0,7,"2023002753, 2023049184",9,HADERA
9810033,6400,9,2,0,0,9,"2023001804, 2023092324",11,HERZELIYYA
9850054,7900,4,2,0,0,4,"2023001255, 2023026830",4,PETAH TIQWA
9890002,7100,4,2,0,0,4,"2023075740, 2023082430",4,ASHQELON
9900002,70,7,2,0,5,2,"2023062332, 2023095562",12,ASHDOD
9910116,8600,5,2,0,0,5,"2023022415, 2023063382",5,RAMAT GAN
9920021,7100,9,2,0,0,9,"2023059595, 2023075528",11,ASHQELON
9920422,5000,4,2,0,0,4,"2023002203, 2023082064",4,TEL AVIV - YAFO
9930054,6600,4,2,0,0,4,"2023035784, 2023067507",4,HOLON
9950011,9000,4,2,0,4,0,"2023004322, 2023036116",8,BE'ER SHEVA
9970526,4000,5,2,0,0,5,"2023020901, 2023098002",5,HAIFA
10000051,7400,6,2,0,0,6,"2023071380, 2023087823",8,NETANYA
10060052,9000,4,2,0,2,2,"2023019970, 2023079081",6,BE'ER SHEVA
10070053,9000,4,2,0,2,2,"2023036891, 2023039492",6,BE'ER SHEVA
10100424,5000,4,2,0,2,2,"2023033490, 2023071455",6,TEL AVIV - YAFO
10140014,6100,4,2,0,2,2,"2023061072, 2023093809",6,BENE BERAQ
10150290,70,4,2,0,0,4,"2023080757, 2023088315",4,ASHDOD
10150344,70,6,2,0,0,6,"2023026284, 2023070320",8,ASHDOD
10150345,70,4,2,2,0,2,"2023025361, 2023092163",8,ASHDOD
10150362,70,4,2,0,0,4,"2023055544, 2023078081",4,ASHDOD
10170071,6600,4,2,0,0,4,"2023000521, 2023057407",4,HOLON
10240123,6600,6,2,0,2,4,"2023050478, 2023096551",8,HOLON
10270315,8300,4,2,0,2,2,"2023072112, 2023072782",6,RISHON LEZIYYON
10290021,6400,4,2,0,2,2,"2023059888, 2023093077",6,HERZELIYYA
10320315,8300,6,2,0,2,4,"2023067520, 2023090165",8,RISHON LEZIYYON
10390071,6600,4,2,0,0,4,"2023062633, 2023087640",4,HOLON
10500350,6400,3,2,0,1,2,"2023038884, 2023051092",4,HERZELIYYA
10510131,3000,4,2,0,0,4,"2023031762, 2023085747",4,JERUSALEM
10520063,9000,8,2,0,5,3,"2023017944, 2023042184",13,BE'ER SHEVA
10590422,7400,5,2,0,0,5,"2023003279, 2023053933",5,NETANYA
10730021,9000,4,2,0,2,2,"2023006805, 2023025782",6,BE'ER SHEVA
10780012,9000,4,2,0,2,2,"2023024825, 2023032192",6,BE'ER SHEVA
10820231,4000,7,2,0,3,4,"2023071209, 2023081649",10,HAIFA
10980523,9000,6,2,0,0,6,"2023078780, 2023095673",8,BE'ER SHEVA
11010021,9000,5,2,0,0,5,"2023067916, 2023094270",5,BE'ER SHEVA
11070061,7900,3,2,0,0,3,"2023009916, 2023063142",3,PETAH TIQWA
11180522,5000,4,2,0,2,2,"2023039744, 2023071822",6,TEL AVIV - YAFO
11200014,7900,4,2,0,0,4,"2023053343, 2023064930",4,PETAH TIQWA
11220225,9000,7,2,0,0,7,"2023002099, 2023073848",9,BE'ER SHEVA
11420534,5000,6,2,0,2,4,"2023032726, 2023077978",8,TEL AVIV - YAFO
11570011,7900,4,2,0,0,4,"2023061444, 2023097483",4,PETAH TIQWA
11590033,7900,4,2,0,0,4,"2023022255, 2023057596",4,PETAH TIQWA
11780011,7900,4,2,0,0,4,"2023006251, 2023075269",4,PETAH TIQWA
11780613,5000,5,2,0,0,5,"2023015812, 2023037339",5,TEL AVIV - YAFO
11850011,7900,5,2,0,3,2,"2023019212, 2023052233",8,PETAH TIQWA
11890117,7900,4,2,2,0,2,"2023067325, 2023094384",8,PETAH TIQWA
12130008,9600,4,2,0,0,4,"2023029232, 2023084478",4,QIRYAT YAM
12170004,8400,6,2,0,0,6,"2023024143, 2023080314",8,REHOVOT
12260001,8400,5,2,0,3,2,"2023014391, 2023042974",8,REHOVOT
12280911,5000,4,2,0,0,4,"2023005350, 2023007391",4,TEL AVIV - YAFO
12360001,9600,4,2,0,0,4,"2023007715, 2023013201",4,QIRYAT YAM
12690913,5000,4,2,0,0,4,"2023043232, 2023088592",4,TEL AVIV - YAFO
12740533,3000,4,2,0,0,4,"2023068755, 2023093599",4,JERUSALEM
12800006,6900,5,2,0,0,5,"2023020271, 2023045384",5,KEFAR SAVA
13030043,6900,4,2,0,0,4,"2023013227, 2023047783",4,KEFAR SAVA
13210524,4000,4,2,0,2,2,"2023049465, 2023079723",6,HAIFA
13290073,6800,5,2,0,0,5,"2023061586, 2023085064",5,QIRYAT ATTA
13290074,6800,4,2,0,0,4,"2023070141, 2023093847",4,QIRYAT ATTA
13370814,5000,4,2,0,0,4,"2023001550, 2023074989",4,TEL AVIV - YAFO
13820416,3000,4,2,2,0,2,"2023020117, 2023069056",8,JERUSALEM
13930415,3000,4,2,0,0,4,"2023010075, 2023046958",4,JERUSALEM
13940414,3000,4,2,0,0,4,"2023019603, 2023042128",4,JERUSALEM
14590232,3000,7,2,0,0,7,"2023020243, 2023022233",9,JERUSALEM
14590825,5000,4,2,0,0,4,"2023005641, 2023037932",4,TEL AVIV - YAFO
14620222,4000,4,2,2,2,0,"2023032917, 2023074474",10,HAIFA
14740412,4000,8,2,0,4,4,"2023063230, 2023080484",12,HAIFA
14880823,5000,5,2,0,3,2,"2023030550, 2023032267",8,TEL AVIV - YAFO
14970040,9100,5,2,0,0,5,"2023028093, 2023065602",5,NAHARIYYA
15000817,5000,5,2,3,0,2,"2023004299, 2023004738",11,TEL AVIV - YAFO
15030132,4000,3,2,0,0,3,"2023006844, 2023086318",3,HAIFA
15670001,2500,5,2,0,0,5,"2023049535, 2023069361",5,NESHER
15700001,2500,4,2,0,0,4,"2023041581, 2023047293",4,NESHER
15900231,3000,4,2,0,0,4,"2023036418, 2023098799",4,JERUSALEM
16730517,4000,3,2,0,0,3,"2023013043, 2023025468",3,HAIFA
16740213,3000,20,2,0,0,20,"2023007290, 2023014027",24,JERUSALEM
16830164,3000,4,2,0,0,4,"2023038104, 2023093699",4,JERUSALEM
16910623,4000,4,2,0,0,4,"2023003574, 2023077523",4,HAIFA
17140215,5000,4,2,0,0,4,"2023012558, 2023084300",4,TEL AVIV - YAFO
17340323,4000,5,2,0,0,5,"2023001720, 2023051826",5,HAIFA
17400001,7900,4,2,2,0,2,"2023002243, 2023004842",8,PETAH TIQWA
17810179,7200,4,2,0,0,4,"2023084471, 2023089632",4,NES ZIYYONA
17890093,8400,6,2,0,0,6,"2023006817, 2023050466",8,REHOVOT
17890179,8400,4,2,0,0,4,"2023073434, 2023091243",4,REHOVOT
17890337,8400,5,2,0,5,0,"2023062462, 2023069201",10,REHOVOT
17890415,8400,5,2,0,0,5,"2023016300, 2023070829",5,REHOVOT
18060924,5000,4,2,0,2,2,"2023018726, 2023094479",6,TEL AVIV - YAFO
18100921,5000,4,2,0,0,4,"2023039674, 2023048274",4,TEL AVIV - YAFO
18140111,8300,4,2,0,0,4,"2023053431, 2023056808",4,RISHON LEZIYYON
18160001,4000,4,2,0,0,4,"2023047869, 2023072280",4,HAIFA
18200001,4000,4,2,0,0,4,"2023061462, 2023089100",4,HAIFA
18260001,4000,4,2,0,0,4,"2023067685, 2023080846",4,HAIFA
18380182,4000,5,2,0,0,5,"2023015026, 2023046823",5,HAIFA
18380336,4000,5,2,0,0,5,"2023024679, 2023052212",5,HAIFA
18380355,4000,4,2,0,0,4,"2023050868, 2023056761",4,HAIFA
18380386,4000,5,2,0,0,5,"2023063495, 2023066351",5,HAIFA
18380605,4000,4,2,0,0,4,"2023065140, 2023099536",4,HAIFA
18380745,4000,8,2,0,0,8,"2023051241, 2023087118",10,HAIFA
18380915,4000,6,2,0,0,6,"2023034607, 2023067600",8,HAIFA
18460933,5000,4,2,0,4,0,"2023043977, 2023077715",8,TEL AVIV - YAFO
18560937,5000,4,2,0,0,4,"2023055913, 2023072970",4,TEL AVIV - YAFO
18630532,5000,4,2,0,0,4,"2023020238, 2023045771",4,TEL AVIV - YAFO
20390660,8300,4,2,0,0,4,"2023020711, 2023094218",4,RISHON LEZIYYON
20720111,5000,4,2,0,0,4,"2023017205, 2023059293",4,TEL AVIV - YAFO
20780125,5000,4,2,0,0,4,"2023047140, 2023091319",4,TEL AVIV - YAFO
21950006,9700,6,2,0,2,4,"2023056122, 2023097447",8,HOD HASHARON
22110001,2650,4,2,0,0,4,"2023037004, 2023067542",4,RAMAT HASHARON
22920113,3000,4,2,0,0,4,"2023016213, 2023070621",4,JERUSALEM
23890842,3000,5,2,0,0,5,"2023029951, 2023049955",5,JERUSALEM
24030844,3000,9,2,0,0,9,"2023025893, 2023076522",11,JERUSALEM
24070123,3000,4,2,0,0,4,"2023025406, 2023067635",4,JERUSALEM
24970714,3000,5,2,0,0,5,"2023024925, 2023031379",5,JERUSALEM
25430112,5000,3,2,0,0,3,"2023037488, 2023068646",3,TEL AVIV - YAFO
25430121,3000,4,2,0,2,2,"2023007116, 2023061752",6,JERUSALEM
26010412,3000,6,2,0,0,6,"2023010065, 2023020166",8,JERUSALEM
26410713,3000,6,2,0,0,6,"2023010790, 2023017327",8,JERUSALEM
26910842,3000,5,2,0,0,5,"2023018884, 2023083597",5,JERUSALEM
27740214,3000,4,2,0,0,4,"2023031818, 2023042650",4,JERUSALEM
28480713,3000,6,2,0,0,6,"2023015670, 2023071971",8,JERUSALEM
28680721,3000,7,2,0,0,7,"2023035295, 2023093489",9,JERUSALEM
28880725,3000,5,2,0,0,5,"2023067236, 2023099097",5,JERUSALEM
80150533,5000,3,2,1,0,2,"2023029545, 2023043375",5,TEL AVIV - YAFO
80150675,5000,4,2,2,0,2,"2023003941, 2023017985",8,TEL AVIV - YAFO
92870635,3000,4,2,0,2,2,"2023036654, 2023094587",6,JERUSALEM
92870804,3000,5,2,2,0,3,"2023005338, 2023038116",9,JERUSALEM
92870904,3000,6,2,0,3,3,"2023045429, 2023048535",9,JERUSALEM
92871141,3000,5,2,0,0,5,"2023055582, 2023095083",5,JERUSALEM
92871417,3000,7,2,0,0,7,"2023018547, 2023025242",9,JERUSALEM
92872446,3000,9,2,0,0,9,"2023071978, 2023087547",11,JERUSALEM
92872453,3000,6,2,0,0,6,"2023037961, 2023065882",8,JERUSALEM
92872554,3000,4,2,0,2,2,"2023069457, 2023081192",6,JERUSALEM
97710248,8600,8,2,0,8,0,"2023001712, 2023004045",16,RAMAT GAN
98340048,9000,5,2,0,0,5,"2023034820, 2023044548",5,BE'ER SHEVA
99970296,7900,4,2,0,0,4,"2023050145, 2023074540",4,PETAH TIQWA
99970461,7900,5,2,0,0,5,"2023002581, 2023046191",5,PETAH TIQWA
99970487,7900,4,2,0,4,0,"2023003675, 2023046034",8,PETAH TIQWA
99970571,7900,4,2,0,0,4,"2023007609, 2023087446",4,PETAH TIQWA
2,432,2,1,0,0,2,2023064094,2,SHAMERAT
2,542,2,1,0,2,0,2023082170,4,REINE
2,628,5,1,0,0,5,2023075739,5,JAAT
2,1313,2,1,0,0,2,2023095671,2,PORIYYA ILLIT
2,6000,3,1,0,0,3,2023072018,3,BAQA AL-GHARBIYYE
3,351,4,1,0,0,4,2023095314,4,NIZZAN
3,6000,4,1,0,4,0,2023095255,8,BAQA AL-GHARBIYYE
4,233,2,1,0,0,2,2023098446,2,YEDIDYA
4,542,3,1,0,0,3,2023045122,3,REINE
4,1345,2,1,0,0,2,2023053988,2,ZUR YIZHAQ
11,634,6,1,0,0,6,2023061938,8,KAFAR QASEM
19,8800,4,1,0,4,0,2023051885,8,SHEFAR'AM
20,8800,3,1,0,0,3,2023097486,3,SHEFAR'AM
10001,182,3,1,0,3,0,2023044620,6,EVEN YEHUDA
10001,229,2,1,0,0,2,2023050220,2,GANNE TIQWA
10001,1309,2,1,0,0,2,2023087880,2,EL'AD
10011,1247,3,1,0,0,3,2023054906,3,HARISH
10014,1247,2,1,0,0,2,2023016183,2,HARISH
10015,1247,2,1,0,2,0,2023007668,4,HARISH
10022,7900,2,1,0,0,2,2023065383,2,PETAH TIQWA
10052,6600,2,1,0,2,0,2023030840,4,HOLON
10054,6600,2,1,0,2,0,2023045220,4,HOLON
10123,8600,2,1,0,0,2,2023056999,2,RAMAT GAN
10176,3000,3,1,0,0,3,2023004599,3,JERUSALEM
10433,5000,2,1,0,0,2,2023067557,2,TEL AVIV - YAFO
10516,4000,2,1,0,2,0,2023066840,4,HAIFA
10624,5000,2,1,0,0,2,2023075971,2,TEL AVIV - YAFO
10815,5000,2,1,0,0,2,2023055391,2,TEL AVIV - YAFO
10827,5000,2,1,0,0,2,2023092577,2,TEL AVIV - YAFO
20001,249,3,1,0,0,3,2023086265,3,KEFAR SIRKIN
20001,2600,2,1,0,0,2,2023057335,2,ELAT
20001,4100,2,1,0,0,2,2023031489,2,QAZRIN
20003,6900,2,1,0,0,2,2023011661,2,KEFAR SAVA
20031,7900,1,1,0,0,1,2023063716,1,PETAH TIQWA
20032,6200,3,1,0,0,3,2023049616,3,BAT YAM
20041,7900,3,1,0,0,3,2023075703,3,PETAH TIQWA
20052,65,1,1,0,1,0,2023045097,2,MIGDAL
20223,4000,2,1,0,0,2,2023021520,2,HAIFA
20227,5000,2,1,0,0,2,2023033229,2,TEL AVIV - YAFO
20557,5000,2,1,0,0,2,2023044986,2,TEL AVIV - YAFO
20814,5000,2,1,0,0,2,2023035502,2,TEL AVIV - YAFO
30001,154,2,1,0,0,2,2023051360,2,TEL MOND
30002,2560,2,1,0,0,2,2023048408,2,ARAD
30004,1034,2,1,0,0,2,2023075846,2,QIRYAT MAL'AKHI
30005,6800,2,1,0,0,2,2023090178,2,QIRYAT ATTA
30021,6200,2,1,0,0,2,2023079701,2,BAT YAM
30023,6200,3,1,0,3,0,2023001258,6,BAT YAM
30041,6100,2,1,0,0,2,2023027371,2,BENE BERAQ
30054,7900,2,1,0,0,2,2023093562,2,PETAH TIQWA
30223,4000,2,1,0,0,2,2023011829,2,HAIFA
30532,3000,5,1,0,0,5,2023074316,5,JERUSALEM
30713,3000,2,1,0,2,0,2023006681,4,JERUSALEM
30816,5000,2,1,0,0,2,2023078834,2,TEL AVIV - YAFO
40001,154,2,1,0,0,2,2023030097,2,TEL MOND
40001,1063,2,1,0,0,2,2023022937,2,MA'ALOT-TARSHIHA
40001,2550,2,1,0,0,2,2023058378,2,GEDERA
40002,31,2,1,0,2,0,2023056259,4,OFAQIM
40003,6900,3,1,0,0,3,2023050101,3,KEFAR SAVA
40012,6600,2,1,0,0,2,2023006963,2,HOLON
40014,7900,2,1,0,0,2,2023059378,2,PETAH TIQWA
40145,3000,2,1,0,0,2,2023009104,2,JERUSALEM
40624,5000,2,1,0,2,0,2023055586,4,TEL AVIV - YAFO
40714,5000,2,1,0,0,2,2023033037,2,TEL AVIV - YAFO
50001,26,2,1,0,0,2,2023041238,2,ROSH PINNA
50001,240,3,1,0,0,3,2023089533,3,YOQNE'AM ILLIT
50003,874,5,1,0,0,5,2023061269,5,MIGDAL HAEMEQ
50004,2100,2,1,0,0,2,2023083708,2,TIRAT KARMEL
50005,70,2,1,0,2,0,2023073648,4,ASHDOD
50005,8300,2,1,0,0,2,2023080033,2,RISHON LEZIYYON
50022,9000,2,1,0,0,2,2023028007,2,BE'ER SHEVA
50515,4000,2,1,0,0,2,2023064796,2,HAIFA
50517,5000,2,1,0,2,0,2023092974,4,TEL AVIV - YAFO
50815,5000,2,1,0,2,0,2023034859,4,TEL AVIV - YAFO
60001,240,2,1,0,0,2,2023024475,2,YOQNE'AM ILLIT
60003,7000,2,1,0,0,2,2023019860,2,LOD
60013,6100,2,1,0,0,2,2023037676,2,BENE BERAQ
60015,70,2,1,0,2,0,2023062850,4,ASHDOD
60022,9000,2,1,0,0,2,2023001590,2,BE'ER SHEVA
60025,6100,2,1,0,2,0,2023014722,4,BENE BERAQ
60034,7400,3,1,0,0,3,2023083845,3,NETANYA
60214,3000,2,1,0,2,0,2023084507,4,JERUSALEM
60222,8600,20,1,0,0,20,2023086471,24,RAMAT GAN
60422,5000,2,1,0,0,2,2023060332,2,TEL AVIV - YAFO
60714,5000,2,1,0,0,2,2023042570,2,TEL AVIV - YAFO
60816,5000,2,1,0,0,2,2023053027,2,TEL AVIV - YAFO
60822,5000,4,1,0,0,4,2023002049,4,TEL AVIV - YAFO
70001,31,2,1,0,2,0,2023038515,4,OFAQIM
70001,7200,2,1,0,0,2,2023005706,2,NES ZIYYONA
70003,8300,3,1,0,0,3,2023014685,3,RISHON LEZIYYON
70004,2800,2,1,0,0,2,2023097245,2,QIRYAT SHEMONA
70031,7400,2,1,0,2,0,2023004826,4,NETANYA
70032,7900,2,1,0,0,2,2023094695,2,PETAH TIQWA
70097,4100,2,1,0,0,2,2023073932,2,QAZRIN
70311,3000,2,1,0,0,2,2023048446,2,JERUSALEM
70322,3000,2,1,0,0,2,2023037949,2,JERUSALEM
70624,5000,2,1,0,0,2,2023069037,2,TEL AVIV - YAFO
70743,5000,2,1,0,0,2,2023077481,2,TEL AVIV - YAFO
80001,2034,2,1,0,0,2,2023001841,2,HAZOR HAGELILIT
80021,7400,2,1,0,2,0,2023046808,4,NETANYA
80032,7400,2,1,0,0,2,2023065632,2,NETANYA
80063,9000,3,1,0,0,3,2023054399,3,BE'ER SHEVA
80121,8600,2,1,0,0,2,2023006858,2,RAMAT GAN
80224,4000,2,1,0,0,2,2023019717,2,HAIFA
80231,8600,2,1,0,0,2,2023020463,2,RAMAT GAN
80431,5000,2,1,0,0,2,2023041271,2,TEL AVIV - YAFO
80522,5000,2,1,0,0,2,2023031681,2,TEL AVIV - YAFO
90002,2600,2,1,0,0,2,2023092896,2,ELAT
90002,2650,2,1,0,0,2,2023068185,2,RAMAT HASHARON
90004,6700,3,1,0,0,3,2023029280,3,TIBERIAS
90013,70,2,1,0,0,2,2023040979,2,ASHDOD
90023,6200,2,1,0,0,2,2023028125,2,BAT YAM
90032,6200,2,1,0,0,2,2023013013,2,BAT YAM
90033,6200,2,1,0,2,0,2023007588,4,BAT YAM
90099,28,2,1,0,0,2,2023066340,2,MAZKERET BATYA
90121,8600,2,1,0,0,2,2023026811,2,RAMAT GAN
90316,3000,2,1,0,0,2,2023024811,2,JERUSALEM
90515,5000,3,1,0,0,3,2023083204,3,TEL AVIV - YAFO
90556,5000,2,1,0,0,2,2023057012,2,TEL AVIV - YAFO
90715,5000,2,1,0,0,2,2023005147,2,TEL AVIV - YAFO
100001,666,5,1,0,0,5,2023000344,5,OMER
100001,9400,2,1,0,2,0,2023027205,4,YEHUD-MONOSON
100005,7600,4,1,0,0,4,2023031504,4,AKKO
100011,7100,3,1,0,0,3,2023065774,3,ASHQELON
100031,7400,3,1,0,0,3,2023067410,3,NETANYA
100041,6600,2,1,0,0,2,2023019067,2,HOLON
100043,7900,2,1,0,0,2,2023004976,2,PETAH TIQWA
100085,1167,2,1,0,0,2,2023049525,2,QESARIYYA
100105,1167,2,1,0,0,2,2023092734,2,QESARIYYA
100113,3000,2,1,0,0,2,2023075948,2,JERUSALEM
100234,8600,3,1,0,0,3,2023010484,3,RAMAT GAN
100911,5000,2,1,0,2,0,2023037155,4,TEL AVIV - YAFO
110001,31,2,1,0,0,2,2023056609,2,OFAQIM
110001,1020,2,1,0,0,2,2023003078,2,OR AQIVA
110007,8400,2,1,0,0,2,2023046940,2,REHOVOT
110009,8400,2,1,0,0,2,2023004813,2,REHOVOT
110012,6600,2,1,0,2,0,2023083837,4,HOLON
110024,7900,2,1,0,0,2,2023080105,2,PETAH TIQWA
110031,7400,3,1,0,0,3,2023083430,3,NETANYA
110123,3000,2,1,0,0,2,2023021203,2,JERUSALEM
110231,3000,3,1,0,0,3,2023049309,3,JERUSALEM
110233,4000,2,1,0,0,2,2023005322,2,HAIFA
110815,5000,2,1,0,0,2,2023038425,2,TEL AVIV - YAFO
120001,666,5,1,0,0,5,2023088050,5,OMER
120004,6400,2,1,0,2,0,2023085552,4,HERZELIYYA
120007,6500,2,1,0,0,2,2023084140,2,HADERA
120008,70,3,1,0,0,3,2023067700,3,ASHDOD
120012,6600,2,1,0,0,2,2023044028,2,HOLON
120214,3000,2,1,0,2,0,2023029140,4,JERUSALEM
120522,3000,2,1,0,0,2,2023085571,2,JERUSALEM
130001,1034,2,1,0,0,2,2023090980,2,QIRYAT MAL'AKHI
130005,2650,2,1,0,0,2,2023004881,2,RAMAT HASHARON
130031,7400,2,1,0,0,2,2023002491,2,NETANYA
130031,7900,2,1,0,0,2,2023006358,2,PETAH TIQWA
130039,831,3,1,0,0,3,2023089664,3,YEROHAM
130054,6100,1,1,0,1,0,2023079577,2,BENE BERAQ
130112,8600,2,1,0,0,2,2023008884,2,RAMAT GAN
140005,7800,2,1,0,0,2,2023060576,2,PARDES HANNA-KARKUR
140032,1309,2,1,0,0,2,2023032574,2,EL'AD
140033,6200,2,1,0,0,2,2023094490,2,BAT YAM
140411,4000,3,1,0,0,3,2023059420,3,HAIFA
140431,4000,3,1,0,0,3,2023095526,3,HAIFA
140523,5000,2,1,0,2,0,2023053165,4,TEL AVIV - YAFO
140532,3000,2,1,0,0,2,2023090223,2,JERUSALEM
140616,4000,2,1,0,0,2,2023059414,2,HAIFA
140816,5000,2,1,0,2,0,2023081166,4,TEL AVIV - YAFO
140921,5000,2,1,0,2,0,2023099371,4,TEL AVIV - YAFO
150001,229,2,1,0,0,2,2023019522,2,GANNE TIQWA
150001,1020,2,1,0,2,0,2023058253,4,OR AQIVA
150023,7900,4,1,0,0,4,2023044507,4,PETAH TIQWA
150061,7900,2,1,0,0,2,2023091787,2,PETAH TIQWA
150122,4000,2,1,0,0,2,2023087736,2,HAIFA
150216,8600,2,1,0,2,0,2023083357,4,RAMAT GAN
150514,3000,5,1,5,0,0,2023015316,15,JERUSALEM
160001,2500,2,1,0,0,2,2023030496,2,NESHER
160002,8700,2,1,0,2,0,2023072682,4,RA'ANANA
160006,8300,2,1,0,0,2,2023080604,2,RISHON LEZIYYON
160021,6100,6,1,0,0,6,2023022833,8,BENE BERAQ
160023,7900,2,1,0,0,2,2023036253,2,PETAH TIQWA
160073,1063,2,1,0,0,2,2023008218,2,MA'ALOT-TARSHIHA
160114,5000,5,1,0,0,5,2023088769,5,TEL AVIV - YAFO
160131,4000,2,1,0,0,2,2023039143,2,HAIFA
160525,4000,2,1,0,0,2,2023013020,2,HAIFA
160624,5000,2,1,0,0,2,2023087279,2,TEL AVIV - YAFO
160911,5000,2,1,0,0,2,2023074541,2,TEL AVIV - YAFO
170001,166,2,1,0,0,2,2023057789,2,GAN YAVNE
170001,1200,2,1,0,2,0,2023063531,4,MODI'IN-MAKKABBIM-RE
170007,70,2,1,0,0,2,2023055689,2,ASHDOD
170011,6600,2,1,0,2,0,2023025277,4,HOLON
170012,6600,2,1,0,2,0,2023086974,4,HOLON
170033,7900,7,1,0,0,7,2023032191,9,PETAH TIQWA
170042,7900,3,1,0,0,3,2023094546,3,PETAH TIQWA
170055,7900,2,1,0,2,0,2023044812,4,PETAH TIQWA
170123,3000,2,1,0,0,2,2023058990,2,JERUSALEM
180001,168,4,1,0,0,4,2023005280,4,KEFAR YONA
180002,7800,2,1,0,0,2,2023057714,2,PARDES HANNA-KARKUR
180002,8300,2,1,0,0,2,2023021338,2,RISHON LEZIYYON
180005,2600,2,1,0,0,2,2023024765,2,ELAT
180012,6100,3,1,0,0,3,2023012098,3,BENE BERAQ
180014,7900,2,1,0,2,0,2023024725,4,PETAH TIQWA
180024,6600,3,1,0,0,3,2023066009,3,HOLON
180042,7900,2,1,0,2,0,2023007380,4,PETAH TIQWA
180095,168,2,1,0,0,2,2023003606,2,KEFAR YONA
180099,168,2,1,0,2,0,2023073729,4,KEFAR YONA
180123,3000,3,1,0,0,3,2023097539,3,JERUSALEM
180172,3000,2,1,0,0,2,2023008054,2,JERUSALEM
180622,4000,3,1,0,0,3,2023043357,3,HAIFA
190001,2660,2,1,0,0,2,2023055460,2,YAVNE
190002,7800,4,1,0,0,4,2023088734,4,PARDES HANNA-KARKUR
190005,7600,3,1,0,0,3,2023022345,3,AKKO
190041,7400,3,1,0,0,3,2023054723,3,NETANYA
190061,240,3,1,0,0,3,2023071627,3,YOQNE'AM ILLIT
190064,240,2,1,0,0,2,2023021765,2,YOQNE'AM ILLIT
190122,4000,2,1,0,0,2,2023025712,2,HAIFA
190521,3000,2,1,0,0,2,2023023577,2,JERUSALEM
200005,6900,2,1,0,0,2,2023004158,2,KEFAR SAVA
200006,6900,2,1,0,0,2,2023094801,2,KEFAR SAVA
200006,7600,2,1,0,0,2,2023028942,2,AKKO
200041,7400,2,1,0,0,2,2023088766,2,NETANYA
200123,3000,2,1,0,0,2,2023056542,2,JERUSALEM
200213,3000,2,1,0,0,2,2023036869,2,JERUSALEM
200422,4000,2,1,0,0,2,2023054792,2,HAIFA
210001,1015,2,1,0,0,2,2023098027,2,MEVASSERET ZIYYON
210055,7900,2,1,0,0,2,2023011830,2,PETAH TIQWA
210214,3000,3,1,0,3,0,2023070324,6,JERUSALEM
210225,8600,2,1,0,0,2,2023018748,2,RAMAT GAN
210412,4000,2,1,0,0,2,2023053271,2,HAIFA
210521,3000,2,1,0,0,2,2023061105,2,JERUSALEM
220001,8700,2,1,0,0,2,2023000186,2,RA'ANANA
220002,7800,3,1,0,0,3,2023091155,3,PARDES HANNA-KARKUR
220015,154,2,1,0,0,2,2023058121,2,TEL MOND
220026,154,2,1,0,0,2,2023068518,2,TEL MOND
220041,7900,2,1,0,0,2,2023014903,2,PETAH TIQWA
220215,8600,2,1,0,0,2,2023085845,2,RAMAT GAN
220216,8600,2,1,0,0,2,2023033445,2,RAMAT GAN
230006,6800,2,1,0,0,2,2023073042,2,QIRYAT ATTA
230008,6500,2,1,0,0,2,2023047466,2,HADERA
230019,9800,2,1,2,0,0,2023092937,6,BINYAMINA
230093,9800,2,1,0,0,2,2023060135,2,BINYAMINA
230425,4000,5,1,0,0,5,2023079048,5,HAIFA
230743,3000,2,1,0,0,2,2023074411,2,JERUSALEM
240001,1200,2,1,0,0,2,2023033506,2,MODI'IN-MAKKABBIM-RE
240001,7600,4,1,0,0,4,2023083567,4,AKKO
240022,6400,10,1,0,0,10,2023022012,12,HERZELIYYA
240032,7400,2,1,0,0,2,2023087371,2,NETANYA
240041,469,3,1,3,0,0,2023087054,9,QIRYAT EQRON
240086,469,1,1,0,1,0,2023030839,2,QIRYAT EQRON
240099,469,2,1,0,0,2,2023060200,2,QIRYAT EQRON
240101,469,2,1,0,2,0,2023021027,4,QIRYAT EQRON
240513,3000,2,1,0,0,2,2023050387,2,JERUSALEM
250001,195,2,1,0,0,2,2023030780,2,QADIMA-ZORAN
250001,246,2,1,0,0,2,2023022182,2,NETIVOT
250001,666,3,1,0,0,3,2023054368,3,OMER
250005,6800,2,1,0,2,0,2023074786,4,QIRYAT ATTA
250005,7300,4,1,0,0,4,2023017840,4,NAZARETH
250021,7400,2,1,0,0,2,2023021836,2,NETANYA
250031,7400,2,1,0,0,2,2023016515,2,NETANYA
250032,6200,3,1,0,0,3,2023016385,3,BAT YAM
250161,3000,2,1,0,0,2,2023051177,2,JERUSALEM
250235,3000,2,1,0,0,2,2023021880,2,JERUSALEM
250412,4000,2,1,0,0,2,2023012538,2,HAIFA
250534,3000,3,1,0,0,3,2023014553,3,JERUSALEM
250612,5000,3,1,0,0,3,2023091389,3,TEL AVIV - YAFO
260006,9100,2,1,0,0,2,2023043795,2,NAHARIYYA
260021,7400,2,1,0,0,2,2023090593,2,NETANYA
260052,6600,2,1,0,0,2,2023028449,2,HOLON
260058,182,2,1,0,0,2,2023070568,2,EVEN YEHUDA
260214,3000,2,1,0,0,2,2023025916,2,JERUSALEM
260215,8600,2,1,0,0,2,2023046922,2,RAMAT GAN
270001,1031,1,1,0,1,0,2023027125,2,SEDEROT
270001,1200,6,1,0,0,6,2023031090,8,MODI'IN-MAKKABBIM-RE
270001,2550,3,1,0,0,3,2023089310,3,GEDERA
270002,9200,2,1,0,0,2,2023046865,2,BET SHE'AN
270005,6800,2,1,0,0,2,2023075073,2,QIRYAT ATTA
270014,195,2,1,0,0,2,2023050308,2,QADIMA-ZORAN
280001,1031,5,1,0,0,5,2023079593,5,SEDEROT
280002,2800,5,1,0,0,5,2023020349,5,QIRYAT SHEMONA
280007,6900,2,1,0,0,2,2023074097,2,KEFAR SAVA
280008,6500,2,1,0,0,2,2023059360,2,HADERA
280009,1139,2,1,0,0,2,2023069506,2,KARMI'EL
280035,7400,2,1,0,0,2,2023053542,2,NETANYA
280153,9300,2,1,0,0,2,2023003493,2,ZIKHRON YA'AQOV
290003,1034,2,1,0,0,2,2023097660,2,QIRYAT MAL'AKHI
290113,4000,2,1,0,0,2,2023077840,2,HAIFA
290616,4000,3,1,0,0,3,2023084250,3,HAIFA
300001,1200,2,1,0,0,2,2023033281,2,MODI'IN-MAKKABBIM-RE
300033,7400,2,1,0,0,2,2023099193,2,NETANYA
300052,7900,3,1,0,3,0,2023026218,6,PETAH TIQWA
300121,4000,2,1,0,2,0,2023009868,4,HAIFA
310005,6500,2,1,0,0,2,2023057646,2,HADERA
310006,6800,2,1,2,0,0,2023018356,6,QIRYAT ATTA
310052,195,3,1,0,0,3,2023095951,3,QADIMA-ZORAN
310052,7900,3,1,0,0,3,2023089115,3,PETAH TIQWA
310177,195,2,1,0,2,0,2023037603,4,QADIMA-ZORAN
310231,3000,2,1,0,2,0,2023086435,4,JERUSALEM
320001,166,4,1,0,0,4,2023093071,4,GAN YAVNE
320006,7600,2,1,0,0,2,2023042491,2,AKKO
320007,6500,2,1,0,0,2,2023081142,2,HADERA
320012,9000,3,1,0,0,3,2023064628,3,BE'ER SHEVA
330006,9100,2,1,0,0,2,2023013571,2,NAHARIYYA
330042,6600,3,1,0,3,0,2023044860,6,HOLON
330062,6600,2,1,0,0,2,2023097186,2,HOLON
340001,1020,4,1,0,0,4,2023053857,4,OR AQIVA
340002,1139,3,1,0,0,3,2023057930,3,KARMI'EL
340042,6100,2,1,0,0,2,2023020595,2,BENE BERAQ
340062,9000,4,1,0,0,4,2023032338,4,BE'ER SHEVA
340131,4000,2,1,0,2,0,2023062405,4,HAIFA
350001,6700,1,1,0,1,0,2023052423,2,TIBERIAS
350002,8200,2,1,0,2,0,2023040272,4,QIRYAT MOTZKIN
350003,1034,2,1,0,0,2,2023070200,2,QIRYAT MAL'AKHI
350005,6900,2,1,0,0,2,2023093185,2,KEFAR SAVA
350043,6100,2,1,0,2,0,2023088040,4,BENE BERAQ
360001,1200,2,1,0,2,0,2023006403,4,MODI'IN-MAKKABBIM-RE
360042,6600,2,1,0,0,2,2023084651,2,HOLON
370002,1139,4,1,0,0,4,2023078039,4,KARMI'EL
370003,2640,3,1,0,0,3,2023080206,3,ROSH HAAYIN
370004,2650,1,1,0,0,1,2023071265,1,RAMAT HASHARON
380042,6600,2,1,0,2,0,2023094609,4,HOLON
380062,9000,6,1,0,0,6,2023051587,8,BE'ER SHEVA
380231,8600,2,1,0,0,2,2023036470,2,RAMAT GAN
380533,3000,2,1,0,0,2,2023067127,2,JERUSALEM
390004,6500,3,1,0,0,3,2023071474,3,HADERA
390042,6300,2,1,0,0,2,2023047054,2,GIV'ATAYIM
390225,8600,2,1,0,0,2,2023062940,2,RAMAT GAN
410001,166,2,1,0,0,2,2023004929,2,GAN YAVNE
410001,7200,3,1,0,0,3,2023021925,3,NES ZIYYONA
410009,6400,2,1,0,0,2,2023055592,2,HERZELIYYA
410062,9000,2,1,0,0,2,2023044272,2,BE'ER SHEVA
430003,2100,2,1,0,0,2,2023084292,2,TIRAT KARMEL
430044,1015,2,1,0,0,2,2023018740,2,MEVASSERET ZIYYON
430061,166,2,1,0,0,2,2023019333,2,GAN YAVNE
430092,166,4,1,0,0,4,2023054763,4,GAN YAVNE
430122,1015,2,1,0,0,2,2023043242,2,MEVASSERET ZIYYON
430176,166,2,1,0,0,2,2023006319,2,GAN YAVNE
440022,9000,2,1,0,0,2,2023024367,2,BE'ER SHEVA
450001,2500,4,1,0,0,4,2023060281,4,NESHER
450007,6900,3,1,3,0,0,2023092172,9,KEFAR SAVA
450051,7400,2,1,0,0,2,2023033574,2,NETANYA
460001,31,2,1,0,0,2,2023094625,2,OFAQIM
460004,9700,2,1,0,0,2,2023041735,2,HOD HASHARON
480001,1031,2,1,0,0,2,2023033368,2,SEDEROT
480009,1139,2,1,0,0,2,2023057170,2,KARMI'EL
480209,2550,3,1,0,0,3,2023089695,3,GEDERA
480724,5000,2,1,0,0,2,2023046972,2,TEL AVIV - YAFO
490001,229,2,1,0,0,2,2023082098,2,GANNE TIQWA
500006,9100,4,1,0,0,4,2023036611,4,NAHARIYYA
500050,2560,2,1,0,2,0,2023057277,4,ARAD
510001,874,2,1,0,0,2,2023093256,2,MIGDAL HAEMEQ
510022,7400,2,1,2,0,0,2023061290,6,NETANYA
520003,2640,2,1,0,0,2,2023081080,2,ROSH HAAYIN
530215,5000,3,1,0,0,3,2023068934,3,TEL AVIV - YAFO
540005,6800,2,1,0,0,2,2023087448,2,QIRYAT ATTA
540007,8300,2,1,0,0,2,2023041902,2,RISHON LEZIYYON
550001,8700,2,1,0,0,2,2023022456,2,RA'ANANA
550007,6400,2,1,0,0,2,2023047245,2,HERZELIYYA
550225,5000,2,1,0,0,2,2023001265,2,TEL AVIV - YAFO
560053,7900,2,1,0,0,2,2023017324,2,PETAH TIQWA
570001,229,2,1,0,0,2,2023036173,2,GANNE TIQWA
570001,681,1,1,0,0,1,2023017619,1,GIV'AT SHEMU'EL
570001,8700,2,1,0,0,2,2023060239,2,RA'ANANA
570002,7100,2,1,0,0,2,2023012020,2,ASHQELON
570031,874,2,1,0,0,2,2023052870,2,MIGDAL HAEMEQ
570163,874,3,1,0,0,3,2023048145,3,MIGDAL HAEMEQ
570523,5000,2,1,0,0,2,2023028715,2,TEL AVIV - YAFO
580003,2640,3,1,0,0,3,2023090602,3,ROSH HAAYIN
590053,7900,2,1,0,0,2,2023081883,2,PETAH TIQWA
590062,7900,3,1,0,0,3,2023021362,3,PETAH TIQWA
600003,7100,2,1,0,0,2,2023065105,2,ASHQELON
610005,7800,2,1,0,0,2,2023082352,2,PARDES HANNA-KARKUR
610007,246,2,1,0,0,2,2023052279,2,NETIVOT
610100,246,3,1,0,0,3,2023062927,3,NETIVOT
620062,7900,3,1,0,0,3,2023082957,3,PETAH TIQWA
630001,1031,8,1,0,0,8,2023077503,10,SEDEROT
630001,1139,2,1,0,0,2,2023053348,2,KARMI'EL
630001,9600,3,1,0,0,3,2023082295,3,QIRYAT YAM
640017,1020,2,1,0,0,2,2023029929,2,OR AQIVA
640041,229,2,1,0,2,0,2023083147,4,GANNE TIQWA
640042,229,2,1,0,0,2,2023069804,2,GANNE TIQWA
650002,9500,2,1,0,0,2,2023046861,2,QIRYAT BIALIK
670001,681,2,1,0,0,2,2023028770,2,GIV'AT SHEMU'EL
670001,1200,2,1,0,2,0,2023031262,4,MODI'IN-MAKKABBIM-RE
670003,1139,2,1,0,0,2,2023056284,2,KARMI'EL
670022,7400,3,1,0,0,3,2023021954,3,NETANYA
670059,1031,3,1,0,0,3,2023090286,3,SEDEROT
670178,1031,2,1,0,0,2,2023015919,2,SEDEROT
670189,1031,2,1,0,2,0,2023048919,4,SEDEROT
690001,2400,2,1,0,0,2,2023094077,2,OR YEHUDA
690042,6100,3,1,0,0,3,2023092031,3,BENE BERAQ
690062,7900,2,1,0,0,2,2023029332,2,PETAH TIQWA
710001,8700,2,1,0,0,2,2023071436,2,RA'ANANA
770002,2620,2,1,0,0,2,2023093392,2,QIRYAT ONO
770021,9000,2,1,0,2,0,2023085184,4,BE'ER SHEVA
780135,1200,2,1,0,0,2,2023060670,2,MODI'IN-MAKKABBIM-RE
780143,1200,2,1,0,0,2,2023011294,2,MODI'IN-MAKKABBIM-RE
780201,1200,1,1,0,0,1,2023052227,1,MODI'IN-MAKKABBIM-RE
780258,1200,2,1,0,0,2,2023081838,2,MODI'IN-MAKKABBIM-RE
810042,6100,2,1,0,0,2,2023093253,2,BENE BERAQ
830003,7700,3,1,0,0,3,2023060560,3,AFULA
890006,9100,3,1,0,0,3,2023083034,3,NAHARIYYA
900001,9400,2,1,0,0,2,2023089920,2,YEHUD-MONOSON
910035,7400,2,1,0,2,0,2023012160,4,NETANYA
1030001,9400,2,1,0,2,0,2023045299,4,YEHUD-MONOSON
1070009,6400,2,1,0,0,2,2023029802,2,HERZELIYYA
1080007,6400,2,1,0,0,2,2023094444,2,HERZELIYYA
1160007,6400,3,1,0,0,3,2023009128,3,HERZELIYYA
1180007,6400,4,1,0,0,4,2023008098,4,HERZELIYYA
1230002,8700,2,1,0,0,2,2023085060,2,RA'ANANA
1560002,7100,3,1,0,0,3,2023077179,3,ASHQELON
1560005,9500,2,1,0,0,2,2023019079,2,QIRYAT BIALIK
5313001,5000,3,1,0,0,3,2023011415,3,TEL AVIV - YAFO
7010002,1061,3,1,0,0,3,2023082838,3,NOF HAGALIL
7030002,1061,3,1,0,0,3,2023037527,3,NOF HAGALIL
7040011,9000,3,1,0,0,3,2023036138,3,BE'ER SHEVA
7080022,7400,2,1,0,2,0,2023064936,4,NETANYA
7180051,9000,2,1,0,0,2,2023036285,2,BE'ER SHEVA
7210002,7200,1,1,0,1,0,2023036406,2,NES ZIYYONA
7230000,8400,2,1,0,0,2,2023016120,2,REHOVOT
7230043,9000,3,1,0,0,3,2023091429,3,BE'ER SHEVA
7240001,7200,2,1,0,2,0,2023045878,4,NES ZIYYONA
7240002,8000,2,1,0,0,2,2023079877,2,ZEFAT
7250003,2650,2,1,0,0,2,2023065607,2,RAMAT HASHARON
7260003,2650,2,1,0,0,2,2023029156,2,RAMAT HASHARON
7280000,2630,2,1,0,0,2,2023071235,2,QIRYAT GAT
7280001,8200,3,1,0,0,3,2023044318,3,QIRYAT MOTZKIN
7280007,6900,3,1,0,0,3,2023068051,3,KEFAR SAVA
7310007,6900,2,1,0,0,2,2023092302,2,KEFAR SAVA
7330313,5000,2,1,0,0,2,2023088785,2,TEL AVIV - YAFO
7350001,8200,2,1,0,0,2,2023023138,2,QIRYAT MOTZKIN
7350001,8700,2,1,0,0,2,2023084520,2,RA'ANANA
7400011,9000,2,1,0,0,2,2023006765,2,BE'ER SHEVA
7410004,2800,3,1,0,0,3,2023090266,3,QIRYAT SHEMONA
7420003,8200,4,1,0,0,4,2023038911,4,QIRYAT MOTZKIN
7430215,8600,2,1,0,0,2,2023011623,2,RAMAT GAN
7430317,5000,2,1,0,0,2,2023033133,2,TEL AVIV - YAFO
7440002,7700,2,1,0,0,2,2023017381,2,AFULA
7440317,5000,2,1,0,2,0,2023078253,4,TEL AVIV - YAFO
7450003,2630,4,1,0,0,4,2023016357,4,QIRYAT GAT
7450004,2800,3,1,0,0,3,2023065678,3,QIRYAT SHEMONA
7460003,2620,2,1,0,0,2,2023013812,2,QIRYAT ONO
7470001,2800,2,1,0,2,0,2023028091,4,QIRYAT SHEMONA
7470001,7600,2,1,0,0,2,2023023720,2,AKKO
7480001,2600,2,1,0,0,2,2023069009,2,ELAT
7480001,6700,2,1,0,0,2,2023041958,2,TIBERIAS
7480002,70,2,1,0,0,2,2023044405,2,ASHDOD
7490000,9700,2,1,0,0,2,2023077445,2,HOD HASHARON
7490002,70,3,1,0,0,3,2023020783,3,ASHDOD
7490002,7700,2,1,0,0,2,2023056443,2,AFULA
7490010,6300,2,1,0,0,2,2023050495,2,GIV'ATAYIM
7490011,6200,3,1,0,3,0,2023050855,6,BAT YAM
7500002,2660,2,1,0,0,2,2023008674,2,YAVNE
7500013,6200,2,1,0,0,2,2023045242,2,BAT YAM
7510002,70,2,1,0,2,0,2023008518,4,ASHDOD
7510005,9500,3,1,0,0,3,2023099870,3,QIRYAT BIALIK
7510006,2200,3,1,0,0,3,2023059188,3,DIMONA
7530002,70,3,1,0,0,3,2023062154,3,ASHDOD
7530002,2610,2,1,0,0,2,2023012510,2,BET SHEMESH
7540004,2800,4,1,0,4,0,2023052002,8,QIRYAT SHEMONA
7540007,2610,2,1,0,0,2,2023044580,2,BET SHEMESH
7550119,9400,2,1,0,0,2,2023022880,2,YEHUD-MONOSON
7590004,1061,2,1,0,0,2,2023054000,2,NOF HAGALIL
7600002,6700,4,1,0,0,4,2023024404,4,TIBERIAS
7620005,7600,2,1,0,0,2,2023000059,2,AKKO
7630003,2620,3,1,0,0,3,2023091531,3,QIRYAT ONO
7650002,9100,2,1,0,0,2,2023078638,2,NAHARIYYA
7650004,70,3,1,0,0,3,2023067513,3,ASHDOD
7650013,9000,2,1,0,0,2,2023086322,2,BE'ER SHEVA
7650326,5000,2,1,0,2,0,2023058413,4,TEL AVIV - YAFO
7660001,7600,6,1,0,0,6,2023039199,8,AKKO
7660002,7800,2,1,0,0,2,2023072467,2,PARDES HANNA-KARKUR
7660041,6600,2,1,0,0,2,2023090531,2,HOLON
7670003,2600,2,1,0,0,2,2023020877,2,ELAT
7670010,8300,2,1,0,2,0,2023060686,4,RISHON LEZIYYON
7670023,6200,2,1,0,0,2,2023072332,2,BAT YAM
7680003,2620,2,1,0,2,0,2023092247,4,QIRYAT ONO
7690002,6700,2,1,0,2,0,2023024989,4,TIBERIAS
7690002,8200,2,1,0,0,2,2023096512,2,QIRYAT MOTZKIN
7690005,70,2,1,0,0,2,2023072357,2,ASHDOD
7700331,5000,2,1,0,2,0,2023099879,4,TEL AVIV - YAFO
7710005,70,2,1,0,0,2,2023032446,2,ASHDOD
7720223,8600,2,1,0,0,2,2023090336,2,RAMAT GAN
7730007,6500,2,1,0,0,2,2023000730,2,HADERA
7730014,9000,2,1,0,0,2,2023020999,2,BE'ER SHEVA
7740006,70,2,1,0,0,2,2023097243,2,ASHDOD
7740007,6500,2,1,0,0,2,2023068862,2,HADERA
7740011,6100,4,1,0,4,0,2023079258,8,BENE BERAQ
7750004,6900,2,1,0,0,2,2023097048,2,KEFAR SAVA
7750044,9000,2,1,0,2,0,2023019217,4,BE'ER SHEVA
7750223,4000,2,1,0,0,2,2023099112,2,HAIFA
7760223,4000,2,1,0,0,2,2023044813,2,HAIFA
7770001,2530,1,1,0,0,1,2023054429,1,BE'ER YA'AQOV
7770001,2600,7,1,0,7,0,2023044287,14,ELAT
7770034,6600,3,1,0,0,3,2023015824,3,HOLON
7780001,2630,2,1,0,0,2,2023030921,2,QIRYAT GAT
7780008,2200,2,1,0,2,0,2023090079,4,DIMONA
7780224,4000,3,1,0,0,3,2023068781,3,HAIFA
7790001,1061,2,1,0,0,2,2023045536,2,NOF HAGALIL
7790016,6100,2,1,0,0,2,2023018779,2,BENE BERAQ
7800224,4000,4,1,0,0,4,2023089256,4,HAIFA
7810004,1061,2,1,0,0,2,2023093340,2,NOF HAGALIL
7810011,7400,4,1,0,0,4,2023061692,4,NETANYA
7810031,6200,2,1,0,0,2,2023000040,2,BAT YAM
7810223,8600,2,1,0,2,0,2023032247,4,RAMAT GAN
7820001,2610,2,1,0,0,2,2023027827,2,BET SHEMESH
7820003,1061,2,1,0,0,2,2023038948,2,NOF HAGALIL
7820009,6400,4,1,0,0,4,2023069962,4,HERZELIYYA
7820031,6200,3,1,0,3,0,2023054555,6,BAT YAM
7820041,9000,2,1,0,2,0,2023094496,4,BE'ER SHEVA
7830002,2630,2,1,0,0,2,2023090460,2,QIRYAT GAT
7830005,2600,2,1,0,0,2,2023099835,2,ELAT
7830006,6900,2,1,0,0,2,2023099296,2,KEFAR SAVA
7830011,7400,2,1,2,0,0,2023068444,6,NETANYA
7830100,2530,2,1,0,2,0,2023091116,4,BE'ER YA'AQOV
7850001,9600,2,1,0,0,2,2023033338,2,QIRYAT YAM
7860015,9000,3,1,0,0,3,2023027489,3,BE'ER SHEVA
7860341,5000,2,1,0,2,0,2023078444,4,TEL AVIV - YAFO
7870001,9600,2,1,0,0,2,2023072152,2,QIRYAT YAM
7870002,7800,2,1,0,0,2,2023021675,2,PARDES HANNA-KARKUR
7870004,8000,2,1,0,0,2,2023085735,2,ZEFAT
7870032,6200,2,1,0,0,2,2023004755,2,BAT YAM
7870341,5000,2,1,0,0,2,2023052954,2,TEL AVIV - YAFO
7880004,2610,2,1,0,0,2,2023010037,2,BET SHEMESH
7880014,70,2,1,0,0,2,2023011231,2,ASHDOD
7880015,6100,3,1,0,3,0,2023002330,6,BENE BERAQ
7880032,6200,3,1,0,3,0,2023020396,6,BAT YAM
7890002,7800,2,1,0,0,2,2023016892,2,PARDES HANNA-KARKUR
7890006,9600,2,1,0,0,2,2023067173,2,QIRYAT YAM
7900005,8400,1,1,0,1,0,2023077128,2,REHOVOT
7900041,9000,2,1,0,0,2,2023064358,2,BE'ER SHEVA
7910002,1061,3,1,0,0,3,2023029272,3,NOF HAGALIL
7910213,4000,2,1,0,0,2,2023017822,2,HAIFA
7920001,2610,2,1,0,0,2,2023066997,2,BET SHEMESH
7920008,8300,2,1,0,0,2,2023084607,2,RISHON LEZIYYON
7920032,6200,2,1,0,0,2,2023009303,2,BAT YAM
7930006,9100,2,1,0,2,0,2023031219,4,NAHARIYYA
7940002,7100,3,1,0,0,3,2023034195,3,ASHQELON
7940011,70,2,1,0,0,2,2023080519,2,ASHDOD
7940212,4000,4,1,0,4,0,2023024884,8,HAIFA
7950003,8500,2,1,0,2,0,2023014483,4,RAMLA
7960002,6700,2,1,0,2,0,2023035075,4,TIBERIAS
7960004,6800,2,1,0,0,2,2023006780,2,QIRYAT ATTA
7960006,9100,2,1,0,0,2,2023033094,2,NAHARIYYA
7960008,8300,2,1,0,0,2,2023060982,2,RISHON LEZIYYON
7970002,9700,2,1,0,0,2,2023000731,2,HOD HASHARON
7990009,8300,2,1,0,0,2,2023097935,2,RISHON LEZIYYON
8000002,8700,2,1,0,0,2,2023072674,2,RA'ANANA
8000013,2800,3,1,0,0,3,2023088575,3,QIRYAT SHEMONA
8010004,6300,2,1,0,2,0,2023053404,4,GIV'ATAYIM
8010006,9100,2,1,0,0,2,2023038750,2,NAHARIYYA
8020002,7100,2,1,0,0,2,2023036973,2,ASHQELON
8020003,2640,2,1,0,0,2,2023071039,2,ROSH HAAYIN
8020008,6300,2,1,0,0,2,2023098995,2,GIV'ATAYIM
8020033,6200,3,1,0,0,3,2023059352,3,BAT YAM
8030003,6700,2,1,0,0,2,2023078146,2,TIBERIAS
8030012,7400,2,1,0,0,2,2023078790,2,NETANYA
8030337,5000,2,1,0,0,2,2023054615,2,TEL AVIV - YAFO
8040002,6500,2,1,0,0,2,2023059946,2,HADERA
8040012,7400,2,1,0,0,2,2023086355,2,NETANYA
8040033,6200,2,1,0,0,2,2023053011,2,BAT YAM
8050002,2400,2,1,0,2,0,2023038129,4,OR YEHUDA
8050018,2660,2,1,2,0,0,2023076920,6,YAVNE
8050132,4000,5,1,0,0,5,2023021174,5,HAIFA
8050135,2660,2,1,0,2,0,2023016810,4,YAVNE
8060001,2610,2,1,0,0,2,2023054566,2,BET SHEMESH
8060002,6500,2,1,0,2,0,2023025373,4,HADERA
8070001,2400,2,1,0,0,2,2023076016,2,OR YEHUDA
8080001,1061,3,1,0,0,3,2023009947,3,NOF HAGALIL
8080004,2600,2,1,0,0,2,2023000118,2,ELAT
8080004,7600,3,1,0,0,3,2023068036,3,AKKO
8090003,7700,2,1,0,0,2,2023019483,2,AFULA
8090032,9000,5,1,0,0,5,2023002132,5,BE'ER SHEVA
8120001,2400,2,1,0,0,2,2023036155,2,OR YEHUDA
8120001,8700,3,1,0,0,3,2023009974,3,RA'ANANA
8120051,6600,2,1,0,0,2,2023044827,2,HOLON
8120132,4000,4,1,0,4,0,2023036485,8,HAIFA
8140002,6800,2,1,0,2,0,2023086139,4,QIRYAT ATTA
8140014,70,2,1,0,0,2,2023048451,2,ASHDOD
8140059,2400,2,1,0,0,2,2023012484,2,OR YEHUDA
8140128,2400,6,1,0,0,6,2023059807,8,OR YEHUDA
8150005,7700,2,1,0,0,2,2023067360,2,AFULA
8150009,6300,2,1,0,0,2,2023020918,2,GIV'ATAYIM
8150051,6600,1,1,0,1,0,2023039355,2,HOLON
8160001,7000,6,1,0,0,6,2023048587,8,LOD
8160013,6100,2,1,0,0,2,2023010957,2,BENE BERAQ
8170001,8700,2,1,0,0,2,2023011191,2,RA'ANANA
8170007,2640,2,1,0,0,2,2023061071,2,ROSH HAAYIN
8170007,8400,2,1,0,0,2,2023097845,2,REHOVOT
8180001,2610,2,1,0,0,2,2023045032,2,BET SHEMESH
8180004,2100,2,1,0,0,2,2023095985,2,TIRAT KARMEL
8180011,6300,2,1,0,0,2,2023088993,2,GIV'ATAYIM
8190001,2640,2,1,0,0,2,2023096106,2,ROSH HAAYIN
8190003,7600,2,1,0,0,2,2023083884,2,AKKO
8190009,7100,2,1,0,2,0,2023035507,4,ASHQELON
8190021,7400,2,1,0,0,2,2023064180,2,NETANYA
8190051,6200,2,1,0,0,2,2023078302,2,BAT YAM
8200001,2610,2,1,0,2,0,2023029413,4,BET SHEMESH
8200052,6200,2,1,0,0,2,2023066749,2,BAT YAM
8210001,7000,2,1,2,0,0,2023057458,6,LOD
8210009,7100,2,1,0,2,0,2023044094,4,ASHQELON
8210022,7400,2,1,0,0,2,2023029507,2,NETANYA
8210032,9000,2,1,0,0,2,2023086596,2,BE'ER SHEVA
8220003,2100,2,1,0,0,2,2023019732,2,TIRAT KARMEL
8220006,2640,3,1,0,0,3,2023075095,3,ROSH HAAYIN
8220011,6400,2,1,0,0,2,2023002844,2,HERZELIYYA
8220067,2100,2,1,0,0,2,2023069903,2,TIRAT KARMEL
8220071,2100,2,1,0,0,2,2023070487,2,TIRAT KARMEL
8230004,7700,5,1,0,0,5,2023068080,5,AFULA
8230012,6100,2,1,0,0,2,2023071674,2,BENE BERAQ
8230041,6200,2,1,0,2,0,2023014265,4,BAT YAM
8240014,70,3,1,0,0,3,2023032571,3,ASHDOD
8250010,7100,2,1,0,0,2,2023038780,2,ASHQELON
8260002,6400,3,1,0,0,3,2023081953,3,HERZELIYYA
8260002,7000,2,1,0,2,0,2023056428,4,LOD
8260012,6100,3,1,0,0,3,2023065249,3,BENE BERAQ
8260021,7400,2,1,0,0,2,2023094349,2,NETANYA
8260053,6600,2,1,0,2,0,2023041654,4,HOLON
8270001,2610,2,1,0,0,2,2023016969,2,BET SHEMESH
8270005,6400,2,1,0,2,0,2023038855,4,HERZELIYYA
8270012,2600,2,1,0,0,2,2023053631,2,ELAT
8280004,8500,2,1,0,0,2,2023042746,2,RAMLA
8280008,7100,2,1,0,0,2,2023020386,2,ASHQELON
8300004,6900,2,1,0,0,2,2023083745,2,KEFAR SAVA
8300008,7100,2,1,0,0,2,2023051491,2,ASHQELON
8300214,8600,2,1,0,0,2,2023007195,2,RAMAT GAN
8310001,2600,2,1,0,0,2,2023081026,2,ELAT
8310001,7700,2,1,0,0,2,2023043895,2,AFULA
8310008,2630,2,1,0,0,2,2023056620,2,QIRYAT GAT
8310012,7900,2,1,0,2,0,2023000317,4,PETAH TIQWA
8310018,2610,2,1,0,0,2,2023076350,2,BET SHEMESH
8310021,70,2,1,0,0,2,2023090380,2,ASHDOD
8310184,2610,2,1,0,2,0,2023049121,4,BET SHEMESH
8310195,2610,7,1,0,7,0,2023049130,14,BET SHEMESH
8310213,2610,3,1,0,0,3,2023003497,3,BET SHEMESH
8310214,2610,2,1,0,0,2,2023048981,2,BET SHEMESH
8320031,6100,2,1,0,0,2,2023018463,2,BENE BERAQ
8330001,8700,2,1,0,0,2,2023041084,2,RA'ANANA
8330042,9000,2,1,0,0,2,2023075193,2,BE'ER SHEVA
8330071,70,2,1,0,0,2,2023004647,2,ASHDOD
8340020,1139,2,1,0,2,0,2023032039,4,KARMI'EL
8340106,1139,3,1,0,0,3,2023065446,3,KARMI'EL
8340160,1139,4,1,0,0,4,2023032014,4,KARMI'EL
8340168,1139,2,1,0,0,2,2023095074,2,KARMI'EL
8340197,1139,3,1,0,3,0,2023052224,6,KARMI'EL
8340431,5000,2,1,0,0,2,2023056036,2,TEL AVIV - YAFO
8350001,6500,2,1,2,0,0,2023059645,6,HADERA
8350002,7000,3,1,0,0,3,2023027193,3,LOD
8360001,7700,4,1,0,0,4,2023063889,4,AFULA
8370010,8400,2,1,0,0,2,2023073632,2,REHOVOT
8370184,7700,2,1,0,0,2,2023023502,2,AFULA
8370258,7700,2,1,0,0,2,2023003283,2,AFULA
8380006,2600,2,1,0,0,2,2023036660,2,ELAT
8400001,2640,2,1,0,0,2,2023096268,2,ROSH HAAYIN
8400010,8400,2,1,0,0,2,2023021008,2,REHOVOT
8400034,6600,2,1,0,0,2,2023006336,2,HOLON
8430010,8400,2,1,0,0,2,2023031631,2,REHOVOT
8440005,6300,2,1,0,0,2,2023045647,2,GIV'ATAYIM
8440012,7900,2,1,0,0,2,2023059070,2,PETAH TIQWA
8450001,70,3,1,0,0,3,2023043628,3,ASHDOD
8450001,2600,2,1,0,0,2,2023069314,2,ELAT
8450010,8400,2,1,0,0,2,2023082781,2,REHOVOT
8450021,9000,3,1,0,0,3,2023065857,3,BE'ER SHEVA
8450031,7400,2,1,0,0,2,2023011300,2,NETANYA
8460001,2600,2,1,0,0,2,2023055608,2,ELAT
8460006,7100,3,1,0,3,0,2023009320,6,ASHQELON
8460031,7400,3,1,0,0,3,2023057805,3,NETANYA
8470010,8400,2,1,0,0,2,2023013101,2,REHOVOT
8470012,6200,2,1,0,0,2,2023016206,2,BAT YAM
8470012,7900,3,1,0,0,3,2023056316,3,PETAH TIQWA
8470025,6100,2,1,0,0,2,2023089451,2,BENE BERAQ
8480001,2600,3,1,0,0,3,2023024458,3,ELAT
8480012,6200,2,1,0,2,0,2023042521,4,BAT YAM
8490012,7900,2,1,0,0,2,2023019137,2,PETAH TIQWA
8490021,9000,3,1,0,0,3,2023040124,3,BE'ER SHEVA
8490521,4000,2,1,0,0,2,2023020625,2,HAIFA
8500001,2600,2,1,0,0,2,2023025675,2,ELAT
8510004,6400,2,1,0,2,0,2023055403,4,HERZELIYYA
8520001,6500,2,1,0,0,2,2023034794,2,HADERA
8520212,8600,2,1,0,0,2,2023035260,2,RAMAT GAN
8530004,6400,3,1,0,0,3,2023009818,3,HERZELIYYA
8540001,2600,2,1,0,0,2,2023013168,2,ELAT
8540011,6200,3,1,0,0,3,2023084174,3,BAT YAM
8540012,7900,2,1,0,0,2,2023041788,2,PETAH TIQWA
8550002,7100,3,1,0,0,3,2023082970,3,ASHQELON
8550031,7400,2,1,0,0,2,2023011701,2,NETANYA
8560004,6400,4,1,0,0,4,2023067733,4,HERZELIYYA
8560024,6100,2,1,0,0,2,2023065844,2,BENE BERAQ
8580001,2630,2,1,0,0,2,2023059254,2,QIRYAT GAT
8580214,8600,2,1,0,0,2,2023054122,2,RAMAT GAN
8590011,70,2,1,0,0,2,2023012339,2,ASHDOD
8590059,2630,2,1,0,0,2,2023002406,2,QIRYAT GAT
8590240,2630,2,1,0,0,2,2023061617,2,QIRYAT GAT
8590244,2630,2,1,2,0,0,2023059428,6,QIRYAT GAT
8590247,2630,2,1,0,0,2,2023089341,2,QIRYAT GAT
8600005,8400,2,1,0,0,2,2023029690,2,REHOVOT
8600177,6700,6,1,0,0,6,2023076404,8,TIBERIAS
8600178,6700,2,1,0,0,2,2023092094,2,TIBERIAS
8600344,5000,2,1,0,0,2,2023011350,2,TEL AVIV - YAFO
8610007,8300,2,1,0,0,2,2023010347,2,RISHON LEZIYYON
8610023,7900,2,1,0,0,2,2023030637,2,PETAH TIQWA
8610344,5000,2,1,0,0,2,2023078531,2,TEL AVIV - YAFO
8620023,7400,3,1,0,0,3,2023054365,3,NETANYA
8630005,8400,3,1,0,0,3,2023043229,3,REHOVOT
8650023,7400,2,1,0,0,2,2023021858,2,NETANYA
8660022,7900,2,1,0,0,2,2023023566,2,PETAH TIQWA
8670004,8300,2,1,0,0,2,2023022121,2,RISHON LEZIYYON
8690003,7800,2,1,0,0,2,2023048069,2,PARDES HANNA-KARKUR
8690056,6600,2,1,0,0,2,2023039547,2,HOLON
8710056,6600,2,1,0,0,2,2023096931,2,HOLON
8710345,5000,2,1,0,0,2,2023085299,2,TEL AVIV - YAFO
8720001,2600,3,1,0,0,3,2023037551,3,ELAT
8720005,8300,3,1,0,0,3,2023019715,3,RISHON LEZIYYON
8730005,8300,3,1,0,0,3,2023074693,3,RISHON LEZIYYON
8750001,7100,2,1,0,0,2,2023033544,2,ASHQELON
8750002,70,2,1,0,0,2,2023037705,2,ASHDOD
8760001,2600,2,1,0,0,2,2023003849,2,ELAT
8770021,6100,3,1,0,3,0,2023014137,6,BENE BERAQ
8780063,2600,2,1,0,0,2,2023071880,2,ELAT
8780121,2600,2,1,0,2,0,2023099469,4,ELAT
8780147,2600,2,1,0,0,2,2023037245,2,ELAT
8780271,2600,2,1,0,2,0,2023094339,4,ELAT
8810021,7900,2,1,0,0,2,2023027815,2,PETAH TIQWA
8820021,6100,2,1,0,0,2,2023033731,2,BENE BERAQ
8830021,7100,2,1,0,0,2,2023001462,2,ASHQELON
8840017,7800,2,1,0,0,2,2023061031,2,PARDES HANNA-KARKUR
8840029,7800,2,1,0,0,2,2023043385,2,PARDES HANNA-KARKUR
8840033,7400,2,1,0,0,2,2023091869,2,NETANYA
8840035,7800,2,1,0,0,2,2023073542,2,PARDES HANNA-KARKUR
8840076,7800,2,1,0,0,2,2023037658,2,PARDES HANNA-KARKUR
8840095,7800,3,1,0,0,3,2023083394,3,PARDES HANNA-KARKUR
8840139,7800,2,1,0,0,2,2023033524,2,PARDES HANNA-KARKUR
8840179,7800,2,1,0,0,2,2023000288,2,PARDES HANNA-KARKUR
8840299,7800,3,1,0,0,3,2023079709,3,PARDES HANNA-KARKUR
8850022,7900,2,1,0,0,2,2023083007,2,PETAH TIQWA
8880052,70,2,1,0,2,0,2023000520,4,ASHDOD
8890005,9100,2,1,0,0,2,2023067993,2,NAHARIYYA
8920021,7100,2,1,0,0,2,2023082360,2,ASHQELON
8940022,6100,2,1,0,2,0,2023072110,4,BENE BERAQ
8940111,3000,2,1,0,2,0,2023049539,4,JERUSALEM
8950005,8300,2,1,0,0,2,2023008901,2,RISHON LEZIYYON
8960002,7300,2,1,0,0,2,2023096097,2,NAZARETH
8960041,70,1,1,0,0,1,2023062354,1,ASHDOD
8960051,6200,2,1,0,0,2,2023053605,2,BAT YAM
8960073,6600,2,1,0,0,2,2023074103,2,HOLON
8960432,5000,2,1,0,0,2,2023006884,2,TEL AVIV - YAFO
8970074,6600,2,1,0,0,2,2023020782,2,HOLON
8980008,8400,2,1,0,2,0,2023099135,4,REHOVOT
8990071,6600,4,1,0,4,0,2023015803,8,HOLON
9000008,8400,3,1,0,0,3,2023077887,3,REHOVOT
9000022,6100,2,1,0,0,2,2023047857,2,BENE BERAQ
9020032,7400,2,1,0,0,2,2023020459,2,NETANYA
9020123,8600,2,1,0,2,0,2023061061,4,RAMAT GAN
9020422,4000,2,1,0,0,2,2023097221,2,HAIFA
9030032,7900,2,1,0,0,2,2023067725,2,PETAH TIQWA
9040335,70,2,1,0,0,2,2023072915,2,ASHDOD
9050035,7400,3,1,0,0,3,2023092338,3,NETANYA
9060032,7900,2,1,0,0,2,2023024119,2,PETAH TIQWA
9060041,70,5,1,0,0,5,2023006079,5,ASHDOD
9070213,6200,2,1,0,0,2,2023030272,2,BAT YAM
9080132,70,2,1,0,0,2,2023085463,2,ASHDOD
9090032,7900,2,1,0,0,2,2023069791,2,PETAH TIQWA
9100032,7900,2,1,0,0,2,2023080536,2,PETAH TIQWA
9110121,3000,2,1,0,0,2,2023023518,2,JERUSALEM
9120004,6500,3,1,0,0,3,2023023068,3,HADERA
9140004,8300,2,1,2,0,0,2023044387,6,RISHON LEZIYYON
9140008,70,2,1,0,2,0,2023083358,4,ASHDOD
9140022,6600,1,1,0,1,0,2023005943,2,HOLON
9150121,3000,2,1,0,0,2,2023042760,2,JERUSALEM
9160031,7300,2,1,0,2,0,2023030931,4,NAZARETH
9190123,3000,2,1,0,2,0,2023033868,4,JERUSALEM
9190323,5000,2,1,0,0,2,2023083163,2,TEL AVIV - YAFO
9190335,70,1,1,0,0,1,2023073135,1,ASHDOD
9210023,6600,2,1,0,0,2,2023075112,2,HOLON
9210033,6200,2,1,0,0,2,2023005027,2,BAT YAM
9210322,4000,2,1,0,0,2,2023061768,2,HAIFA
9220009,6500,2,1,0,0,2,2023005915,2,HADERA
9220033,7900,3,1,0,0,3,2023039222,3,PETAH TIQWA
9220073,70,2,1,0,0,2,2023085637,2,ASHDOD
9230033,7900,3,1,0,0,3,2023033964,3,PETAH TIQWA
9230123,8600,2,1,0,2,0,2023077798,4,RAMAT GAN
9240003,8300,3,1,0,0,3,2023051447,3,RISHON LEZIYYON
9240006,7000,2,1,0,0,2,2023093432,2,LOD
9240176,3000,3,1,0,0,3,2023067168,3,JERUSALEM
9250001,8700,2,1,0,2,0,2023081849,4,RA'ANANA
9250002,7000,2,1,0,0,2,2023087959,2,LOD
9280033,7900,2,1,0,0,2,2023050307,2,PETAH TIQWA
9300003,2650,3,1,0,0,3,2023092576,3,RAMAT HASHARON
9310051,7400,2,1,0,0,2,2023004398,2,NETANYA
9330041,70,2,1,0,0,2,2023084110,2,ASHDOD
9360043,6100,2,1,0,0,2,2023091352,2,BENE BERAQ
9370006,8700,2,1,0,0,2,2023002815,2,RA'ANANA
9370051,7400,2,1,0,0,2,2023097296,2,NETANYA
9370211,70,3,1,0,0,3,2023096883,3,ASHDOD
9380123,70,3,1,0,0,3,2023068701,3,ASHDOD
9400004,6500,2,1,0,0,2,2023034967,2,HADERA
9410172,3000,2,1,0,0,2,2023034555,2,JERUSALEM
9430042,7900,2,1,0,0,2,2023099217,2,PETAH TIQWA
9430124,8600,2,1,0,0,2,2023076676,2,RAMAT GAN
9430323,4000,7,1,0,7,0,2023083957,14,HAIFA
9450137,70,2,1,0,0,2,2023089022,2,ASHDOD
9470113,8600,2,1,0,2,0,2023067016,4,RAMAT GAN
9510006,7300,3,1,0,0,3,2023092755,3,NAZARETH
9510043,7900,3,1,0,0,3,2023009050,3,PETAH TIQWA
9520012,9000,3,1,0,3,0,2023051603,6,BE'ER SHEVA
9520041,6100,2,1,0,0,2,2023000073,2,BENE BERAQ
9520043,7900,2,1,0,0,2,2023033270,2,PETAH TIQWA
9520113,8600,2,1,0,2,0,2023045571,4,RAMAT GAN
9540014,7900,2,1,0,0,2,2023087632,2,PETAH TIQWA
9550002,8700,2,1,0,0,2,2023002367,2,RA'ANANA
9550014,7900,3,1,0,0,3,2023094908,3,PETAH TIQWA
9580001,8700,2,1,0,0,2,2023027178,2,RA'ANANA
9590122,8600,2,1,0,0,2,2023012823,2,RAMAT GAN
9610010,466,2,1,0,2,0,2023067042,4,BET DAGAN
9660011,6600,2,1,0,0,2,2023063705,2,HOLON
9670011,6600,5,1,0,0,5,2023092811,5,HOLON
9680042,6100,2,1,0,0,2,2023078997,2,BENE BERAQ
9680325,70,2,1,0,0,2,2023066156,2,ASHDOD
9690001,8700,2,1,0,0,2,2023015933,2,RA'ANANA
9740124,3000,2,1,0,0,2,2023090530,2,JERUSALEM
9740422,4000,3,1,0,0,3,2023068623,3,HAIFA
9770062,7900,2,1,0,0,2,2023023688,2,PETAH TIQWA
9770414,5000,4,1,0,0,4,2023047966,4,TEL AVIV - YAFO
9780007,6500,2,1,0,0,2,2023099278,2,HADERA
9790117,8600,2,1,0,0,2,2023031063,2,RAMAT GAN
9800053,6500,2,1,0,0,2,2023064428,2,HADERA
9800130,6500,3,1,0,0,3,2023099156,3,HADERA
9800154,6500,2,1,0,0,2,2023034065,2,HADERA
9800200,6500,2,1,0,0,2,2023055595,2,HADERA
9800443,6500,2,1,0,0,2,2023047056,2,HADERA
9800532,6500,3,1,0,0,3,2023044628,3,HADERA
9800557,6500,2,1,0,0,2,2023099172,2,HADERA
9820001,7300,2,1,2,0,0,2023067434,6,NAZARETH
9840051,9000,3,1,0,3,0,2023084791,6,BE'ER SHEVA
9840052,70,2,1,0,0,2,2023087244,2,ASHDOD
9850034,6400,2,1,0,0,2,2023041928,2,HERZELIYYA
9850413,5000,5,1,0,0,5,2023068983,5,TEL AVIV - YAFO
9860001,7100,2,1,0,0,2,2023082690,2,ASHQELON
9860314,7400,3,1,0,0,3,2023007876,3,NETANYA
9880008,8700,2,1,0,0,2,2023053130,2,RA'ANANA
9880054,7900,2,1,0,0,2,2023056196,2,PETAH TIQWA
9890011,70,2,1,0,0,2,2023045103,2,ASHDOD
9890041,6100,2,1,0,2,0,2023081814,4,BENE BERAQ
9890314,7400,2,1,0,0,2,2023032834,2,NETANYA
9900052,7900,3,1,0,0,3,2023028753,3,PETAH TIQWA
9910052,6600,2,1,0,2,0,2023044268,4,HOLON
9910422,5000,2,1,0,0,2,2023017007,2,TEL AVIV - YAFO
9930052,7900,2,1,0,0,2,2023016629,2,PETAH TIQWA
9940053,7400,3,1,0,0,3,2023083384,3,NETANYA
9950527,4000,2,1,0,0,2,2023045727,2,HAIFA
9990001,70,2,1,0,0,2,2023097969,2,ASHDOD
10010053,7900,5,1,0,0,5,2023003758,5,PETAH TIQWA
10010313,7400,2,1,0,0,2,2023081594,2,NETANYA
10020001,70,2,1,0,0,2,2023087527,2,ASHDOD
10020114,8600,2,1,0,0,2,2023026519,2,RAMAT GAN
10030065,8500,2,1,2,0,0,2023055884,6,RAMLA
10030201,8500,2,1,0,0,2,2023025267,2,RAMLA
10030235,8500,2,1,0,0,2,2023055270,2,RAMLA
10030255,8500,2,1,0,0,2,2023060878,2,RAMLA
10060423,5000,2,1,0,0,2,2023094646,2,TEL AVIV - YAFO
10070083,6200,2,1,0,0,2,2023011348,2,BAT YAM
10080115,8600,2,1,0,0,2,2023016839,2,RAMAT GAN
10080175,3000,2,1,0,0,2,2023015119,2,JERUSALEM
10120023,6600,3,1,0,0,3,2023028522,3,HOLON
10130033,7100,2,1,0,0,2,2023043257,2,ASHQELON
10150006,70,2,1,0,0,2,2023088680,2,ASHDOD
10150045,70,2,1,0,0,2,2023008616,2,ASHDOD
10150071,70,2,1,0,0,2,2023084523,2,ASHDOD
10150097,70,2,1,0,0,2,2023010382,2,ASHDOD
10150098,70,2,1,0,0,2,2023007118,2,ASHDOD
10150129,70,2,1,0,0,2,2023059079,2,ASHDOD
10150156,70,2,1,0,0,2,2023088956,2,ASHDOD
10150244,70,2,1,0,0,2,2023036009,2,ASHDOD
10150255,70,3,1,0,3,0,2023019526,6,ASHDOD
10150316,70,2,1,0,0,2,2023039076,2,ASHDOD
10150358,70,2,1,0,0,2,2023016019,2,ASHDOD
10150407,70,2,1,0,2,0,2023028759,4,ASHDOD
10150424,5000,2,1,0,0,2,2023074062,2,TEL AVIV - YAFO
10150435,70,2,1,0,0,2,2023031720,2,ASHDOD
10150436,70,2,1,0,0,2,2023085261,2,ASHDOD
10160053,9000,2,1,0,0,2,2023066137,2,BE'ER SHEVA
10160424,5000,2,1,0,0,2,2023034545,2,TEL AVIV - YAFO
10180074,6600,2,1,0,0,2,2023057330,2,HOLON
10180323,7400,2,1,0,0,2,2023022159,2,NETANYA
10180424,5000,2,1,0,0,2,2023075887,2,TEL AVIV - YAFO
10190314,7400,3,1,0,0,3,2023024163,3,NETANYA
10200521,9000,2,1,0,0,2,2023045004,2,BE'ER SHEVA
10220113,7400,2,1,0,0,2,2023042686,2,NETANYA
10220434,5000,4,1,0,0,4,2023075105,4,TEL AVIV - YAFO
10230172,3000,2,1,0,0,2,2023059191,2,JERUSALEM
10260111,8600,2,1,0,0,2,2023061377,2,RAMAT GAN
10280523,4000,3,1,0,0,3,2023064921,3,HAIFA
10300412,6600,2,1,0,0,2,2023078856,2,HOLON
10350008,6400,2,1,0,0,2,2023097652,2,HERZELIYYA
10360016,6100,2,1,0,0,2,2023089831,2,BENE BERAQ
10370025,6100,2,1,0,0,2,2023091857,2,BENE BERAQ
10380127,3000,2,1,0,0,2,2023042249,2,JERUSALEM
10420054,6600,2,1,0,0,2,2023069658,2,HOLON
10440034,7600,2,1,0,0,2,2023059646,2,AKKO
10440051,9000,2,1,0,0,2,2023021471,2,BE'ER SHEVA
10440172,7600,2,1,0,0,2,2023067374,2,AKKO
10440192,7600,2,1,0,0,2,2023007745,2,AKKO
10460041,7900,2,1,0,0,2,2023065748,2,PETAH TIQWA
10480041,7900,2,1,0,0,2,2023061132,2,PETAH TIQWA
10490141,3000,2,1,0,0,2,2023096685,2,JERUSALEM
10490233,4000,2,1,0,0,2,2023043602,2,HAIFA
10500006,8700,2,1,0,2,0,2023072327,4,RA'ANANA
10500159,6400,2,1,0,0,2,2023020110,2,HERZELIYYA
10500351,6400,2,1,0,0,2,2023004123,2,HERZELIYYA
10500817,5000,2,1,0,0,2,2023043973,2,TEL AVIV - YAFO
10510017,7100,3,1,0,0,3,2023004821,3,ASHQELON
10510031,7900,2,1,0,2,0,2023083572,4,PETAH TIQWA
10510052,9000,3,1,0,0,3,2023002283,3,BE'ER SHEVA
10520233,4000,2,1,0,2,0,2023040435,4,HAIFA
10550001,8700,2,1,0,0,2,2023012996,2,RA'ANANA
10590001,6100,2,1,0,0,2,2023030248,2,BENE BERAQ
10590021,7100,2,1,0,0,2,2023092504,2,ASHQELON
10590029,7400,2,1,0,0,2,2023023907,2,NETANYA
10590078,7400,2,1,0,0,2,2023094366,2,NETANYA
10590080,7400,2,1,0,0,2,2023071688,2,NETANYA
10590095,7400,3,1,3,0,0,2023048440,9,NETANYA
10590128,7400,2,1,0,0,2,2023013494,2,NETANYA
10590185,7400,2,1,0,0,2,2023049551,2,NETANYA
10590189,7400,3,1,0,0,3,2023049570,3,NETANYA
10590237,7400,1,1,0,0,1,2023019215,1,NETANYA
10590262,7400,2,1,0,0,2,2023095163,2,NETANYA
10590335,7400,2,1,0,2,0,2023005212,4,NETANYA
10590353,7400,2,1,0,0,2,2023031757,2,NETANYA
10590364,7400,2,1,0,0,2,2023031986,2,NETANYA
10590376,7400,1,1,0,1,0,2023042917,2,NETANYA
10590381,7400,2,1,0,2,0,2023021115,4,NETANYA
10590420,7400,2,1,0,0,2,2023043085,2,NETANYA
10590439,7400,3,1,0,0,3,2023019509,3,NETANYA
10590502,7400,5,1,0,0,5,2023035013,5,NETANYA
10590509,7400,2,1,0,0,2,2023048852,2,NETANYA
10590511,7400,2,1,0,0,2,2023085125,2,NETANYA
10590523,7400,2,1,0,0,2,2023045445,2,NETANYA
10610022,9000,2,1,0,0,2,2023020886,2,BE'ER SHEVA
10610111,8600,2,1,0,2,0,2023000746,4,RAMAT GAN
10630313,4000,3,1,0,0,3,2023077892,3,HAIFA
10680048,8700,2,1,0,0,2,2023001378,2,RA'ANANA
10680282,8700,3,1,0,0,3,2023074290,3,RA'ANANA
10680321,8700,2,1,0,0,2,2023080449,2,RA'ANANA
10680322,8700,3,1,0,0,3,2023062982,3,RA'ANANA
10690513,5000,2,1,0,0,2,2023041710,2,TEL AVIV - YAFO
10700311,4000,3,1,0,0,3,2023049330,3,HAIFA
10720056,6600,2,1,0,2,0,2023094028,4,HOLON
10750011,6600,2,1,0,0,2,2023036922,2,HOLON
10750052,9000,1,1,0,0,1,2023023238,1,BE'ER SHEVA
10770012,9000,2,1,0,0,2,2023020786,2,BE'ER SHEVA
10770143,3000,2,1,0,0,2,2023090511,2,JERUSALEM
10780127,8600,3,1,0,0,3,2023049657,3,RAMAT GAN
10790001,7100,2,1,0,2,0,2023031695,4,ASHQELON
10800029,7100,2,1,0,0,2,2023086356,2,ASHQELON
10800080,7100,2,1,0,2,0,2023007503,4,ASHQELON
10800246,7100,3,1,3,0,0,2023079268,9,ASHQELON
10800352,7100,2,1,0,0,2,2023057262,2,ASHQELON
10800362,7100,2,1,0,0,2,2023065555,2,ASHQELON
10800444,7100,2,1,0,0,2,2023070014,2,ASHQELON
10800457,7100,2,1,0,0,2,2023078887,2,ASHQELON
10800517,5000,2,1,0,0,2,2023066645,2,TEL AVIV - YAFO
10830517,5000,2,1,0,0,2,2023036779,2,TEL AVIV - YAFO
10850012,9000,3,1,0,0,3,2023061829,3,BE'ER SHEVA
10880146,3000,2,1,0,0,2,2023071814,2,JERUSALEM
10890024,7900,2,1,0,2,0,2023095231,4,PETAH TIQWA
10900052,9000,2,1,0,0,2,2023084379,2,BE'ER SHEVA
10900516,5000,2,1,0,0,2,2023046840,2,TEL AVIV - YAFO
10910232,4000,2,1,0,0,2,2023027280,2,HAIFA
10930835,6600,2,1,0,0,2,2023045169,2,HOLON
10970141,3000,2,1,0,0,2,2023056778,2,JERUSALEM
11060231,4000,2,1,0,0,2,2023023846,2,HAIFA
11070312,9000,5,1,0,0,5,2023002810,5,BE'ER SHEVA
11080422,4000,1,1,0,1,0,2023028325,2,HAIFA
11100001,6600,2,1,0,0,2,2023024620,2,HOLON
11100006,6600,2,1,0,0,2,2023001452,2,HOLON
11100157,6600,3,1,0,0,3,2023097012,3,HOLON
11100309,6600,4,1,4,0,0,2023012736,12,HOLON
11100319,6600,2,1,0,0,2,2023034916,2,HOLON
11100351,6600,3,1,0,0,3,2023098187,3,HOLON
11100356,6600,2,1,0,0,2,2023099957,2,HOLON
11170115,7900,3,1,0,0,3,2023055331,3,PETAH TIQWA
11230642,3000,2,1,0,0,2,2023095290,2,JERUSALEM
11260012,9000,2,1,0,2,0,2023066489,4,BE'ER SHEVA
11270523,5000,2,1,0,0,2,2023036070,2,TEL AVIV - YAFO
11300414,7900,2,1,0,0,2,2023024199,2,PETAH TIQWA
11370031,7900,3,1,0,0,3,2023099565,3,PETAH TIQWA
11450534,5000,2,1,0,0,2,2023093067,2,TEL AVIV - YAFO
11460541,5000,2,1,0,0,2,2023091167,2,TEL AVIV - YAFO
11510121,7900,2,1,0,0,2,2023004947,2,PETAH TIQWA
11680521,3000,2,1,0,0,2,2023062866,2,JERUSALEM
11680545,5000,2,1,0,0,2,2023061510,2,TEL AVIV - YAFO
11720111,7900,3,1,0,0,3,2023063821,3,PETAH TIQWA
11740117,7900,4,1,0,0,4,2023066866,4,PETAH TIQWA
11760521,3000,2,1,2,0,0,2023050629,6,JERUSALEM
11790115,7900,3,1,0,0,3,2023019277,3,PETAH TIQWA
11820152,3000,2,1,0,2,0,2023012785,4,JERUSALEM
11890612,5000,2,1,0,2,0,2023093021,4,TEL AVIV - YAFO
11950611,5000,2,1,0,0,2,2023040126,2,TEL AVIV - YAFO
11960611,5000,2,1,0,0,2,2023033089,2,TEL AVIV - YAFO
12030011,8400,2,1,0,0,2,2023009691,2,REHOVOT
12050152,3000,2,1,0,2,0,2023029982,4,JERUSALEM
12090006,9600,3,1,0,0,3,2023038837,3,QIRYAT YAM
12130007,8400,5,1,0,0,5,2023092262,5,REHOVOT
12190011,8400,7,1,0,0,7,2023097197,9,REHOVOT
12260911,5000,6,1,0,6,0,2023077818,12,TEL AVIV - YAFO
12270151,3000,2,1,0,0,2,2023034558,2,JERUSALEM
12290151,3000,2,1,0,0,2,2023027877,2,JERUSALEM
12320002,8200,2,1,0,0,2,2023070666,2,QIRYAT MOTZKIN
12340005,8200,2,1,0,0,2,2023091889,2,QIRYAT MOTZKIN
12370005,9600,2,1,0,2,0,2023066317,4,QIRYAT YAM
12450001,8200,2,1,0,0,2,2023037219,2,QIRYAT MOTZKIN
12490415,3000,2,1,0,0,2,2023070205,2,JERUSALEM
12490623,5000,3,1,0,3,0,2023076909,6,TEL AVIV - YAFO
12500025,8200,2,1,0,0,2,2023043481,2,QIRYAT MOTZKIN
12500070,8200,2,1,0,0,2,2023085344,2,QIRYAT MOTZKIN
12500912,5000,2,1,0,2,0,2023026222,4,TEL AVIV - YAFO
12540003,6900,5,1,0,0,5,2023031897,5,KEFAR SAVA
12700001,6900,2,1,0,0,2,2023033955,2,KEFAR SAVA
12730533,3000,2,1,0,2,0,2023002603,4,JERUSALEM
12830122,4000,2,1,0,0,2,2023077600,2,HAIFA
12840016,7000,2,1,0,0,2,2023030103,2,LOD
12840034,7000,2,1,0,0,2,2023022511,2,LOD
12840205,7000,2,1,0,0,2,2023099822,2,LOD
12860012,6900,2,1,0,0,2,2023055741,2,KEFAR SAVA
12920551,5000,2,1,0,0,2,2023077162,2,TEL AVIV - YAFO
12960556,5000,2,1,0,0,2,2023028241,2,TEL AVIV - YAFO
13000556,5000,2,1,0,0,2,2023055334,2,TEL AVIV - YAFO
13020557,5000,2,1,0,0,2,2023061737,2,TEL AVIV - YAFO
13030222,6900,2,1,0,0,2,2023011997,2,KEFAR SAVA
13030229,6900,4,1,0,0,4,2023088020,4,KEFAR SAVA
13030310,6900,3,1,0,0,3,2023040729,3,KEFAR SAVA
13030394,6900,2,1,0,2,0,2023014928,4,KEFAR SAVA
13030396,6900,2,1,0,0,2,2023043134,2,KEFAR SAVA
13230555,5000,2,1,0,0,2,2023010013,2,TEL AVIV - YAFO
13240002,6800,4,1,0,0,4,2023053943,4,QIRYAT ATTA
13290041,6800,3,1,0,3,0,2023052310,6,QIRYAT ATTA
13290101,6800,2,1,0,2,0,2023073797,4,QIRYAT ATTA
13340815,5000,4,1,0,0,4,2023083002,4,TEL AVIV - YAFO
13430812,5000,2,1,0,0,2,2023014721,2,TEL AVIV - YAFO
13510812,5000,2,1,0,0,2,2023039033,2,TEL AVIV - YAFO
13520814,5000,2,1,0,0,2,2023010911,2,TEL AVIV - YAFO
13590511,3000,3,1,0,0,3,2023000481,3,JERUSALEM
13670412,3000,2,1,0,0,2,2023052266,2,JERUSALEM
13810413,3000,2,1,0,0,2,2023043870,2,JERUSALEM
13840413,3000,2,1,0,2,0,2023016020,4,JERUSALEM
14060423,3000,2,1,0,0,2,2023049409,2,JERUSALEM
14100422,3000,2,1,0,0,2,2023089540,2,JERUSALEM
14110423,3000,2,1,0,0,2,2023063021,2,JERUSALEM
14210415,3000,2,1,0,0,2,2023091593,2,JERUSALEM
14220421,4000,3,1,0,0,3,2023058878,3,HAIFA
14230422,3000,2,1,0,0,2,2023022594,2,JERUSALEM
14280421,3000,6,1,0,0,6,2023042384,8,JERUSALEM
14280621,4000,2,1,0,2,0,2023074764,4,HAIFA
14320411,3000,2,1,0,0,2,2023035034,2,JERUSALEM
14360714,5000,2,1,0,0,2,2023058979,2,TEL AVIV - YAFO
14390711,5000,3,1,0,0,3,2023042667,3,TEL AVIV - YAFO
14510713,5000,2,1,0,0,2,2023051938,2,TEL AVIV - YAFO
14540714,5000,2,1,0,0,2,2023018634,2,TEL AVIV - YAFO
14550714,5000,2,1,0,0,2,2023003975,2,TEL AVIV - YAFO
14560523,9000,2,1,0,0,2,2023039839,2,BE'ER SHEVA
14560714,5000,2,1,0,0,2,2023033331,2,TEL AVIV - YAFO
14570313,4000,1,1,0,0,1,2023044820,1,HAIFA
14600314,4000,2,1,0,0,2,2023095159,2,HAIFA
14620713,5000,3,1,0,0,3,2023001159,3,TEL AVIV - YAFO
14650222,4000,2,1,0,0,2,2023008035,2,HAIFA
14660012,9000,2,1,0,0,2,2023059387,2,BE'ER SHEVA
14730412,4000,2,1,2,0,0,2023005540,6,HAIFA
14730823,5000,2,1,0,0,2,2023064076,2,TEL AVIV - YAFO
14790412,4000,2,1,0,2,0,2023059740,4,HAIFA
14860411,4000,1,1,0,0,1,2023089464,1,HAIFA
14910001,9100,2,1,0,0,2,2023031358,2,NAHARIYYA
14910321,3000,2,1,0,0,2,2023054012,2,JERUSALEM
14920321,3000,2,1,0,0,2,2023080120,2,JERUSALEM
14920523,9000,2,1,0,0,2,2023004100,2,BE'ER SHEVA
14970012,9000,2,1,0,2,0,2023089651,4,BE'ER SHEVA
14970092,9100,2,1,0,0,2,2023055079,2,NAHARIYYA
14970816,5000,2,1,0,2,0,2023059649,4,TEL AVIV - YAFO
15130313,3000,2,1,0,0,2,2023097378,2,JERUSALEM
15160001,2500,2,1,0,0,2,2023057539,2,NESHER
15170817,5000,2,1,0,2,0,2023036258,4,TEL AVIV - YAFO
15200012,9000,1,1,0,1,0,2023035545,2,BE'ER SHEVA
15200315,3000,2,1,0,0,2,2023012705,2,JERUSALEM
15240927,5000,2,1,0,2,0,2023092036,4,TEL AVIV - YAFO
15270924,5000,2,1,0,2,0,2023074951,4,TEL AVIV - YAFO
15290021,9000,2,1,0,0,2,2023008031,2,BE'ER SHEVA
15330523,9000,3,1,0,0,3,2023085298,3,BE'ER SHEVA
15400023,9000,3,1,0,3,0,2023022420,6,BE'ER SHEVA
15410001,2500,3,1,0,0,3,2023047341,3,NESHER
15480001,2500,6,1,0,0,6,2023005140,8,NESHER
15530001,2500,2,1,0,0,2,2023017464,2,NESHER
15540061,9000,2,1,0,0,2,2023058531,2,BE'ER SHEVA
15560008,9600,2,1,0,0,2,2023085111,2,QIRYAT YAM
15600733,5000,2,1,0,0,2,2023026101,2,TEL AVIV - YAFO
15660009,9600,2,1,0,0,2,2023039144,2,QIRYAT YAM
15680011,9600,2,1,0,0,2,2023064958,2,QIRYAT YAM
15680126,9600,3,1,0,0,3,2023092007,3,QIRYAT YAM
15680131,9600,6,1,0,0,6,2023095130,8,QIRYAT YAM
15710009,2500,4,1,0,0,4,2023015755,4,NESHER
15710086,2500,3,1,0,0,3,2023094853,3,NESHER
15800001,9000,2,1,0,0,2,2023037968,2,BE'ER SHEVA
15820232,3000,2,1,0,2,0,2023040453,4,JERUSALEM
15840734,5000,2,1,0,2,0,2023004232,4,TEL AVIV - YAFO
15850725,5000,2,1,0,0,2,2023044767,2,TEL AVIV - YAFO
15920001,9000,2,1,0,0,2,2023044162,2,BE'ER SHEVA
15930724,5000,2,1,0,0,2,2023029134,2,TEL AVIV - YAFO
15990732,5000,2,1,0,0,2,2023089275,2,TEL AVIV - YAFO
16000732,5000,2,1,0,0,2,2023057570,2,TEL AVIV - YAFO
16080732,5000,2,1,0,0,2,2023010074,2,TEL AVIV - YAFO
16210711,5000,2,1,0,0,2,2023066140,2,TEL AVIV - YAFO
16240164,3000,2,1,0,0,2,2023074732,2,JERUSALEM
16270721,5000,2,1,0,0,2,2023073735,2,TEL AVIV - YAFO
16510424,4000,2,1,0,0,2,2023091666,2,HAIFA
16540221,5000,2,1,0,0,2,2023000404,2,TEL AVIV - YAFO
16630121,4000,2,1,0,0,2,2023052933,2,HAIFA
16660165,3000,2,1,0,0,2,2023037661,2,JERUSALEM
16720212,4000,3,1,0,3,0,2023019018,6,HAIFA
16740131,4000,3,1,0,0,3,2023031088,3,HAIFA
16980165,3000,2,1,0,0,2,2023068193,2,JERUSALEM
16990323,4000,3,1,0,0,3,2023093425,3,HAIFA
17000211,5000,3,1,0,3,0,2023038375,6,TEL AVIV - YAFO
17000742,4000,1,1,0,0,1,2023055376,1,HAIFA
17060212,5000,2,1,0,0,2,2023057382,2,TEL AVIV - YAFO
17070212,5000,2,1,0,0,2,2023086793,2,TEL AVIV - YAFO
17070621,4000,6,1,0,0,6,2023005342,8,HAIFA
17100616,4000,2,1,0,0,2,2023050620,2,HAIFA
17120213,5000,2,1,0,0,2,2023000772,2,TEL AVIV - YAFO
17150227,8600,2,1,0,0,2,2023047992,2,RAMAT GAN
17200001,7900,3,1,0,0,3,2023096631,3,PETAH TIQWA
17220001,7900,2,1,0,0,2,2023073265,2,PETAH TIQWA
17330001,7900,3,1,0,0,3,2023088002,3,PETAH TIQWA
17360001,7900,2,1,0,2,0,2023095460,4,PETAH TIQWA
17430225,5000,3,1,0,0,3,2023034890,3,TEL AVIV - YAFO
17440225,5000,4,1,0,0,4,2023085144,4,TEL AVIV - YAFO
17460001,7900,2,1,0,0,2,2023051298,2,PETAH TIQWA
17530232,4000,2,1,0,0,2,2023032982,2,HAIFA
17640554,5000,2,1,0,0,2,2023008459,2,TEL AVIV - YAFO
17670010,4000,2,1,0,2,0,2023020930,4,HAIFA
17680554,5000,2,1,0,0,2,2023006447,2,TEL AVIV - YAFO
17760005,8400,3,1,0,0,3,2023030854,3,REHOVOT
17800001,7200,2,1,0,0,2,2023073095,2,NES ZIYYONA
17800421,4000,4,1,0,0,4,2023070348,4,HAIFA
17800926,5000,2,1,0,2,0,2023028666,4,TEL AVIV - YAFO
17810032,7200,2,1,0,0,2,2023040202,2,NES ZIYYONA
17810060,7200,2,1,0,0,2,2023036967,2,NES ZIYYONA
17810189,7200,3,1,0,0,3,2023022940,3,NES ZIYYONA
17810220,7200,2,1,0,2,0,2023078473,4,NES ZIYYONA
17830424,4000,2,1,0,0,2,2023055593,2,HAIFA
17830926,5000,2,1,0,0,2,2023087688,2,TEL AVIV - YAFO
17890040,8400,3,1,0,0,3,2023046032,3,REHOVOT
17890122,8400,2,1,0,2,0,2023060606,4,REHOVOT
17890181,8400,2,1,0,0,2,2023067848,2,REHOVOT
17890289,8400,2,1,0,0,2,2023052210,2,REHOVOT
17970117,8600,3,1,0,0,3,2023009850,3,RAMAT GAN
17980412,4000,5,1,0,0,5,2023096645,5,HAIFA
18010924,5000,2,1,0,2,0,2023052972,4,TEL AVIV - YAFO
18040924,5000,2,1,0,0,2,2023087948,2,TEL AVIV - YAFO
18060001,8600,2,1,0,0,2,2023092128,2,RAMAT GAN
18060412,4000,4,1,0,0,4,2023055195,4,HAIFA
18110008,8300,3,1,0,0,3,2023052237,3,RISHON LEZIYYON
18130001,4000,1,1,0,0,1,2023041199,1,HAIFA
18150001,4000,2,1,0,0,2,2023058942,2,HAIFA
18170001,4000,1,1,0,1,0,2023022802,2,HAIFA
18240010,8300,2,1,0,0,2,2023018475,2,RISHON LEZIYYON
18310004,1034,2,1,0,0,2,2023063614,2,QIRYAT MAL'AKHI
18380039,4000,2,1,0,2,0,2023077282,4,HAIFA
18380089,4000,2,1,0,0,2,2023024770,2,HAIFA
18380099,4000,5,1,0,0,5,2023062791,5,HAIFA
18380186,4000,2,1,0,0,2,2023044243,2,HAIFA
18380252,4000,3,1,0,3,0,2023083525,6,HAIFA
18380271,4000,2,1,0,0,2,2023066022,2,HAIFA
18380303,4000,2,1,0,0,2,2023078486,2,HAIFA
18380346,4000,2,1,0,0,2,2023079772,2,HAIFA
18380365,4000,2,1,0,0,2,2023032222,2,HAIFA
18380370,4000,2,1,0,0,2,2023005833,2,HAIFA
18380618,4000,2,1,0,0,2,2023007202,2,HAIFA
18380699,4000,2,1,0,0,2,2023033747,2,HAIFA
18380717,4000,2,1,0,2,0,2023038751,4,HAIFA
18380742,4000,2,1,0,0,2,2023060429,2,HAIFA
18380810,4000,3,1,0,0,3,2023057337,3,HAIFA
18380868,4000,4,1,0,0,4,2023034696,4,HAIFA
18380937,5000,2,1,0,2,0,2023043474,4,TEL AVIV - YAFO
18380972,4000,2,1,0,0,2,2023051339,2,HAIFA
18380977,4000,1,1,0,1,0,2023098672,2,HAIFA
18380979,4000,2,1,0,0,2,2023006246,2,HAIFA
18380985,4000,2,1,0,0,2,2023077229,2,HAIFA
18380992,4000,2,1,0,0,2,2023048499,2,HAIFA
18540315,8300,4,1,0,0,4,2023074833,4,RISHON LEZIYYON
18590533,3000,2,1,0,0,2,2023087473,2,JERUSALEM
18610008,8300,2,1,0,2,0,2023018134,4,RISHON LEZIYYON
18810533,5000,2,1,0,0,2,2023045887,2,TEL AVIV - YAFO
19010136,8300,3,1,0,3,0,2023026939,6,RISHON LEZIYYON
19190931,5000,2,1,0,0,2,2023023807,2,TEL AVIV - YAFO
19270311,8300,4,1,0,4,0,2023069126,8,RISHON LEZIYYON
19520322,8300,2,1,0,2,0,2023067929,4,RISHON LEZIYYON
19520934,5000,2,1,0,0,2,2023038817,2,TEL AVIV - YAFO
19860322,8300,3,1,0,3,0,2023014403,6,RISHON LEZIYYON
20170001,8300,2,1,0,0,2,2023026077,2,RISHON LEZIYYON
20220001,8300,5,1,0,0,5,2023013904,5,RISHON LEZIYYON
20260001,8300,3,1,0,0,3,2023040258,3,RISHON LEZIYYON
20290001,8300,3,1,0,0,3,2023015648,3,RISHON LEZIYYON
20340001,8300,3,1,0,3,0,2023081853,6,RISHON LEZIYYON
20390008,8300,3,1,0,3,0,2023080473,6,RISHON LEZIYYON
20390339,8300,2,1,0,0,2,2023050106,2,RISHON LEZIYYON
20390352,8300,2,1,0,0,2,2023011716,2,RISHON LEZIYYON
20390613,8300,2,1,0,0,2,2023098425,2,RISHON LEZIYYON
20390661,8300,2,1,0,0,2,2023085101,2,RISHON LEZIYYON
20390678,8300,2,1,0,0,2,2023067656,2,RISHON LEZIYYON
20390779,8300,2,1,0,0,2,2023070448,2,RISHON LEZIYYON
20390833,8300,2,1,0,0,2,2023027742,2,RISHON LEZIYYON
20390849,8300,2,1,0,0,2,2023060075,2,RISHON LEZIYYON
20390894,8300,3,1,0,0,3,2023025788,3,RISHON LEZIYYON
20390902,8300,2,1,0,0,2,2023038921,2,RISHON LEZIYYON
20530725,5000,2,1,0,0,2,2023057466,2,TEL AVIV - YAFO
20820125,5000,2,1,0,0,2,2023039815,2,TEL AVIV - YAFO
20880113,5000,2,1,2,0,0,2023092248,6,TEL AVIV - YAFO
21220744,5000,2,1,0,2,0,2023049312,4,TEL AVIV - YAFO
21270744,5000,4,1,0,0,4,2023081664,4,TEL AVIV - YAFO
21810002,9700,2,1,0,0,2,2023018561,2,HOD HASHARON
21840002,9700,2,1,0,0,2,2023004503,2,HOD HASHARON
21860004,2650,2,1,0,0,2,2023062294,2,RAMAT HASHARON
22010007,9700,2,1,0,0,2,2023033831,2,HOD HASHARON
22090001,2650,2,1,0,2,0,2023007381,4,RAMAT HASHARON
22330933,5000,2,1,0,0,2,2023039062,2,TEL AVIV - YAFO
22430077,9700,2,1,0,0,2,2023044555,2,HOD HASHARON
22430116,9700,2,1,0,0,2,2023078905,2,HOD HASHARON
22430174,9700,2,1,0,0,2,2023064528,2,HOD HASHARON
22430250,9700,2,1,0,0,2,2023042791,2,HOD HASHARON
22480732,3000,3,1,0,0,3,2023068550,3,JERUSALEM
22610125,5000,2,1,0,0,2,2023035400,2,TEL AVIV - YAFO
23550121,5000,2,1,0,0,2,2023048618,2,TEL AVIV - YAFO
23670112,3000,2,1,0,0,2,2023024017,2,JERUSALEM
23770724,3000,1,1,0,0,1,2023090243,1,JERUSALEM
23850114,5000,2,1,0,0,2,2023073073,2,TEL AVIV - YAFO
23870532,5000,2,1,0,0,2,2023064060,2,TEL AVIV - YAFO
23910937,5000,2,1,0,2,0,2023049779,4,TEL AVIV - YAFO
23920122,5000,2,1,0,0,2,2023042349,2,TEL AVIV - YAFO
23920844,3000,2,1,0,0,2,2023061481,2,JERUSALEM
23940841,3000,4,1,0,0,4,2023078322,4,JERUSALEM
23960845,3000,3,1,0,0,3,2023074885,3,JERUSALEM
23990331,3000,3,1,0,0,3,2023062180,3,JERUSALEM
24010531,5000,2,1,0,2,0,2023034039,4,TEL AVIV - YAFO
24020251,3000,2,1,0,0,2,2023052898,2,JERUSALEM
24100832,3000,2,1,0,0,2,2023044800,2,JERUSALEM
24110844,3000,2,1,0,0,2,2023021005,2,JERUSALEM
24140826,5000,2,1,0,0,2,2023031136,2,TEL AVIV - YAFO
24180225,5000,3,1,0,0,3,2023004668,3,TEL AVIV - YAFO
24200942,5000,3,1,0,0,3,2023099036,3,TEL AVIV - YAFO
24240735,3000,3,1,0,0,3,2023027940,3,JERUSALEM
24310761,3000,2,1,0,0,2,2023041020,2,JERUSALEM
24320934,5000,2,1,0,2,0,2023074567,4,TEL AVIV - YAFO
24350531,5000,2,1,0,2,0,2023077674,4,TEL AVIV - YAFO
24380215,5000,2,1,0,2,0,2023042301,4,TEL AVIV - YAFO
24410661,3000,3,1,0,0,3,2023002456,3,JERUSALEM
24490713,3000,2,1,0,0,2,2023088884,2,JERUSALEM
24520714,3000,5,1,0,0,5,2023005893,5,JERUSALEM
24580541,3000,2,1,0,0,2,2023097886,2,JERUSALEM
24600214,5000,3,1,0,0,3,2023088312,3,TEL AVIV - YAFO
24630724,3000,4,1,0,0,4,2023025020,4,JERUSALEM
24650735,3000,2,1,0,0,2,2023082791,2,JERUSALEM
24750661,3000,2,1,0,0,2,2023084910,2,JERUSALEM
24800244,5000,2,1,0,0,2,2023026595,2,TEL AVIV - YAFO
24810211,3000,2,1,0,0,2,2023058207,2,JERUSALEM
24810225,5000,2,1,0,0,2,2023083481,2,TEL AVIV - YAFO
24820713,3000,3,1,0,0,3,2023011312,3,JERUSALEM
24880844,3000,2,1,0,0,2,2023075216,2,JERUSALEM
24900716,3000,2,1,0,2,0,2023066386,4,JERUSALEM
25070122,5000,2,1,0,0,2,2023039519,2,TEL AVIV - YAFO
25320223,3000,3,1,0,0,3,2023094006,3,JERUSALEM
25330223,3000,3,1,0,0,3,2023022411,3,JERUSALEM
25440222,5000,2,1,0,0,2,2023059949,2,TEL AVIV - YAFO
25520724,3000,2,1,0,0,2,2023063799,2,JERUSALEM
25570724,3000,2,1,0,2,0,2023078568,4,JERUSALEM
25630222,5000,3,1,0,0,3,2023060174,3,TEL AVIV - YAFO
25740943,5000,3,1,0,0,3,2023068111,3,TEL AVIV - YAFO
25750735,3000,3,1,0,0,3,2023052996,3,JERUSALEM
25760312,3000,2,1,0,0,2,2023084033,2,JERUSALEM
25810842,3000,2,1,0,0,2,2023023115,2,JERUSALEM
25820842,3000,3,1,0,0,3,2023037639,3,JERUSALEM
25840735,3000,2,1,0,2,0,2023065277,4,JERUSALEM
25950842,3000,5,1,0,0,5,2023087987,5,JERUSALEM
26110223,3000,2,1,0,2,0,2023086513,4,JERUSALEM
26330536,3000,2,1,0,0,2,2023099916,2,JERUSALEM
26480415,3000,2,1,0,0,2,2023036287,2,JERUSALEM
26820842,3000,2,1,0,2,0,2023029520,4,JERUSALEM
26830735,3000,2,1,0,0,2,2023081915,2,JERUSALEM
26940211,3000,2,1,0,0,2,2023089569,2,JERUSALEM
27730214,3000,3,1,0,0,3,2023054320,3,JERUSALEM
28050251,3000,2,1,0,0,2,2023070249,2,JERUSALEM
28080741,3000,2,1,0,2,0,2023065180,4,JERUSALEM
28130725,3000,3,1,0,3,0,2023091470,6,JERUSALEM
28420065,2640,2,1,0,0,2,2023049207,2,ROSH HAAYIN
28420243,2640,3,1,0,0,3,2023054692,3,ROSH HAAYIN
28420249,2640,2,1,0,0,2,2023099121,2,ROSH HAAYIN
28420251,2640,2,1,0,0,2,2023029660,2,ROSH HAAYIN
28440715,3000,3,1,0,0,3,2023052689,3,JERUSALEM
28670251,3000,2,1,0,2,0,2023076816,4,JERUSALEM
28690832,3000,4,1,0,0,4,2023008542,4,JERUSALEM
28740735,3000,4,1,0,0,4,2023028768,4,JERUSALEM
28780001,3000,2,1,0,0,2,2023024350,2,JERUSALEM
28830001,3000,2,1,0,0,2,2023069046,2,JERUSALEM
28970001,3000,3,1,0,0,3,2023067022,3,JERUSALEM
29210001,3000,2,1,0,0,2,2023071028,2,JERUSALEM
29330001,3000,2,1,0,0,2,2023015935,2,JERUSALEM
29610001,3000,2,1,0,0,2,2023084210,2,JERUSALEM
29670001,3000,2,1,0,0,2,2023043916,2,JERUSALEM
47840003,6300,3,1,0,0,3,2023087910,3,GIV'ATAYIM
47860028,6300,3,1,0,0,3,2023000679,3,GIV'ATAYIM
47860047,6300,2,1,0,0,2,2023047517,2,GIV'ATAYIM
52980001,5000,3,1,0,0,3,2023094659,3,TEL AVIV - YAFO
53000001,5000,2,1,0,0,2,2023029206,2,TEL AVIV - YAFO
60400943,5000,2,1,0,0,2,2023083982,2,TEL AVIV - YAFO
67750011,6100,2,1,0,0,2,2023059286,2,BENE BERAQ
67750026,6100,2,1,0,0,2,2023080529,2,BENE BERAQ
67750041,6100,3,1,0,0,3,2023013980,3,BENE BERAQ
67750068,6100,2,1,0,0,2,2023002841,2,BENE BERAQ
67750091,6100,1,1,0,0,1,2023080630,1,BENE BERAQ
67750100,6100,2,1,0,2,0,2023021445,4,BENE BERAQ
67750146,6100,2,1,0,0,2,2023086201,2,BENE BERAQ
67750173,6100,2,1,0,0,2,2023038887,2,BENE BERAQ
67760001,681,3,1,0,0,3,2023059492,3,GIV'AT SHEMU'EL
67780024,681,2,1,0,2,0,2023050280,4,GIV'AT SHEMU'EL
68150087,2620,2,1,0,0,2,2023086476,2,QIRYAT ONO
68150088,2620,2,1,0,0,2,2023037341,2,QIRYAT ONO
68150094,2620,3,1,0,0,3,2023071633,3,QIRYAT ONO
68150106,2620,2,1,0,0,2,2023033023,2,QIRYAT ONO
68150107,2620,2,1,0,0,2,2023018523,2,QIRYAT ONO
68150136,2620,2,1,0,0,2,2023017517,2,QIRYAT ONO
68880031,6200,3,1,0,0,3,2023040255,3,BAT YAM
80040125,5000,2,1,0,0,2,2023078748,2,TEL AVIV - YAFO
80130554,5000,2,1,0,0,2,2023044466,2,TEL AVIV - YAFO
80150397,5000,5,1,0,0,5,2023075981,5,TEL AVIV - YAFO
80150483,5000,4,1,0,4,0,2023000536,8,TEL AVIV - YAFO
80150502,5000,2,1,0,0,2,2023057265,2,TEL AVIV - YAFO
80150544,5000,2,1,0,0,2,2023021831,2,TEL AVIV - YAFO
80150574,5000,3,1,0,3,0,2023074005,6,TEL AVIV - YAFO
80150615,5000,1,1,0,0,1,2023088658,1,TEL AVIV - YAFO
80150679,5000,2,1,2,0,0,2023084727,6,TEL AVIV - YAFO
80150684,5000,2,1,0,0,2,2023050945,2,TEL AVIV - YAFO
80150765,5000,2,1,0,0,2,2023016921,2,TEL AVIV - YAFO
80150783,5000,2,1,0,0,2,2023021913,2,TEL AVIV - YAFO
80150879,5000,2,1,0,0,2,2023006437,2,TEL AVIV - YAFO
80150888,5000,2,1,0,2,0,2023094045,4,TEL AVIV - YAFO
80150917,5000,2,1,0,0,2,2023085587,2,TEL AVIV - YAFO
80150931,5000,3,1,0,0,3,2023020314,3,TEL AVIV - YAFO
80150944,5000,2,1,0,0,2,2023062592,2,TEL AVIV - YAFO
80151147,5000,2,1,0,0,2,2023021768,2,TEL AVIV - YAFO
80151220,5000,2,1,0,0,2,2023039158,2,TEL AVIV - YAFO
80151338,5000,2,1,0,0,2,2023059543,2,TEL AVIV - YAFO
80151401,5000,2,1,0,0,2,2023021536,2,TEL AVIV - YAFO
80151416,5000,2,1,0,2,0,2023024480,4,TEL AVIV - YAFO
80151491,5000,2,1,0,0,2,2023016424,2,TEL AVIV - YAFO
80151659,5000,2,1,0,0,2,2023084767,2,TEL AVIV - YAFO
80152037,5000,2,1,0,2,0,2023066560,4,TEL AVIV - YAFO
80230106,6200,2,1,0,2,0,2023073451,4,BAT YAM
80230140,6200,2,1,0,0,2,2023095769,2,BAT YAM
91980001,7300,3,1,0,0,3,2023010397,3,NAZARETH
91980244,7300,1,1,0,0,1,2023015944,1,NAZARETH
92870548,3000,2,1,0,2,0,2023063502,4,JERUSALEM
92870604,3000,2,1,0,0,2,2023050315,2,JERUSALEM
92870663,3000,2,1,0,0,2,2023023757,2,JERUSALEM
92870670,3000,2,1,0,0,2,2023007724,2,JERUSALEM
92870758,3000,1,1,0,1,0,2023076460,2,JERUSALEM
92870766,3000,2,1,0,0,2,2023051005,2,JERUSALEM
92870821,3000,3,1,0,0,3,2023086861,3,JERUSALEM
92870846,3000,3,1,0,0,3,2023066323,3,JERUSALEM
92870875,3000,2,1,0,0,2,2023012137,2,JERUSALEM
92870952,3000,2,1,0,0,2,2023061994,2,JERUSALEM
92870974,3000,2,1,0,0,2,2023050773,2,JERUSALEM
92871045,3000,2,1,0,0,2,2023076894,2,JERUSALEM
92871052,3000,2,1,0,0,2,2023050607,2,JERUSALEM
92871079,3000,2,1,0,2,0,2023002897,4,JERUSALEM
92871151,3000,2,1,0,2,0,2023071314,4,JERUSALEM
92871171,3000,2,1,0,0,2,2023027774,2,JERUSALEM
92871182,3000,4,1,0,0,4,2023084763,4,JERUSALEM
92871252,3000,4,1,0,4,0,2023070517,8,JERUSALEM
92871280,3000,2,1,0,0,2,2023036152,2,JERUSALEM
92871401,3000,2,1,0,0,2,2023041692,2,JERUSALEM
92871424,3000,2,1,0,0,2,2023083080,2,JERUSALEM
92871458,3000,2,1,0,0,2,2023058549,2,JERUSALEM
92871462,3000,2,1,0,0,2,2023040893,2,JERUSALEM
92871586,3000,2,1,0,0,2,2023006946,2,JERUSALEM
92872000,3000,2,1,0,0,2,2023084032,2,JERUSALEM
92872007,3000,3,1,0,0,3,2023081502,3,JERUSALEM
92872049,3000,3,1,0,0,3,2023047895,3,JERUSALEM
92872233,3000,5,1,0,5,0,2023074439,10,JERUSALEM
92872329,3000,5,1,0,0,5,2023059659,5,JERUSALEM
92872348,3000,5,1,0,0,5,2023098653,5,JERUSALEM
92872477,3000,2,1,0,2,0,2023079827,4,JERUSALEM
92872736,3000,2,1,0,0,2,2023030330,2,JERUSALEM
92872779,3000,1,1,0,0,1,2023025760,1,JERUSALEM
92872780,3000,2,1,0,0,2,2023089395,2,JERUSALEM
92872784,3000,2,1,0,0,2,2023050838,2,JERUSALEM
92872786,3000,2,1,0,2,0,2023042807,4,JERUSALEM
92872787,3000,3,1,0,0,3,2023004776,3,JERUSALEM
92872792,3000,2,1,0,0,2,2023075094,2,JERUSALEM
92872795,3000,2,1,0,0,2,2023008803,2,JERUSALEM
92872798,3000,2,1,0,0,2,2023088767,2,JERUSALEM
92872805,3000,2,1,0,0,2,2023002391,2,JERUSALEM
97710303,8600,4,1,0,0,4,2023060622,4,RAMAT GAN
97710478,8600,2,1,0,2,0,2023000970,4,RAMAT GAN
97710578,8600,2,1,0,0,2,2023046143,2,RAMAT GAN
98340042,9000,2,1,0,0,2,2023043681,2,BE'ER SHEVA
98340053,9000,2,1,0,0,2,2023016396,2,BE'ER SHEVA
98340097,9000,2,1,0,0,2,2023053960,2,BE'ER SHEVA
98340153,9000,2,1,0,0,2,2023008171,2,BE'ER SHEVA
98340219,9000,3,1,0,0,3,2023055691,3,BE'ER SHEVA
98340277,9000,3,1,3,0,0,2023083437,9,BE'ER SHEVA
98340593,9000,2,1,0,0,2,2023054730,2,BE'ER SHEVA
98340686,9000,2,1,0,0,2,2023092444,2,BE'ER SHEVA
98340723,9000,2,1,0,0,2,2023067764,2,BE'ER SHEVA
98340741,9000,4,1,0,0,4,2023022939,4,BE'ER SHEVA
98340746,9000,2,1,0,0,2,2023099686,2,BE'ER SHEVA
98340774,9000,4,1,0,0,4,2023027691,4,BE'ER SHEVA
98340901,9000,2,1,0,2,0,2023029732,4,BE'ER SHEVA
99970078,7900,2,1,0,0,2,2023049327,2,PETAH TIQWA
99970104,7900,2,1,0,0,2,2023086891,2,PETAH TIQWA
99970119,7900,3,1,0,0,3,2023037863,3,PETAH TIQWA
99970141,7900,2,1,0,2,0,2023022135,4,PETAH TIQWA
99970283,7900,2,1,0,0,2,2023082699,2,PETAH TIQWA
99970319,7900,2,1,0,0,2,2023011555,2,PETAH TIQWA
99970345,7900,4,1,0,0,4,2023098171,4,PETAH TIQWA
99970349,7900,2,1,0,0,2,2023043893,2,PETAH TIQWA
99970381,7900,2,1,0,0,2,2023015222,2,PETAH TIQWA
99970417,7900,2,1,0,0,2,2023078347,2,PETAH TIQWA
99970465,7900,2,1,0,0,2,2023092010,2,PETAH TIQWA
99970516,7900,2,1,0,0,2,2023097084,2,PETAH TIQWA
99970551,7900,2,1,0,0,2,2023016268,2,PETAH TIQWA
99970575,7900,2,1,0,0,2,2023065240,2,PETAH TIQWA
99970698,7900,1,1,1,0,0,2023053779,3,PETAH TIQWA
99970731,7900,2,1,0,0,2,2023023362,2,PETAH TIQWA
99970737,7900,2,1,0,2,0,2023067458,4,PETAH TIQWA
99999999,634,5,1,5,0,0,2023056738,15,KAFAR QASEM
